--------- beginning of main
I/ForgeShape(24376): FORGESHAPE_VIEWPORT_BACKGROUND:WarmGraphite requested=0 known=1 changed=0
I/ForgeShape(24376): ForgeShape native viewport started (render thread launched)
I/ForgeShape(24376): FORGESHAPE_STARTUP_NO_PROJECT bodies=0
I/ForgeShape(24376): camera selftest pass: initial_matrices_finite
I/ForgeShape(24376): camera selftest pass: initial_distance_matches_eye
I/ForgeShape(24376): camera selftest pass: orbit_drag_right_decreases_yaw
I/ForgeShape(24376): camera selftest pass: orbit_yaw_magnitude
I/ForgeShape(24376): camera selftest pass: orbit_target_unchanged
I/ForgeShape(24376): camera selftest pass: orbit_drag_down_increases_pitch
I/ForgeShape(24376): camera selftest pass: pitch_clamp_upper
I/ForgeShape(24376): camera selftest pass: pitch_clamp_upper_finite
I/ForgeShape(24376): camera selftest pass: pitch_clamp_lower
I/ForgeShape(24376): camera selftest pass: pitch_clamp_lower_finite
I/ForgeShape(24376): camera selftest pass: yaw_wraps_bounded
I/ForgeShape(24376): camera selftest pass: pinch_spread_decreases_distance
I/ForgeShape(24376): camera selftest pass: pinch_close_increases_distance
I/ForgeShape(24376): camera selftest pass: pinch_finite
I/ForgeShape(24376): camera selftest pass: distance_clamp_min
I/ForgeShape(24376): camera selftest pass: distance_clamp_max
I/ForgeShape(24376): camera selftest pass: distance_clamp_finite
I/ForgeShape(24376): camera selftest pass: pan_moves_target
I/ForgeShape(24376): camera selftest pass: pan_pure_translation_keeps_distance
I/ForgeShape(24376): camera selftest pass: pan_result_finite
I/ForgeShape(24376): camera selftest pass: pan_does_not_orbit
I/ForgeShape(24376): camera selftest pass: pan_scales_with_distance
I/ForgeShape(24376): camera selftest pass: transition_1_to_2_no_jump
I/ForgeShape(24376): camera selftest pass: transition_2_to_1_no_jump
I/ForgeShape(24376): camera selftest pass: transition_2_to_1_bounded_delta
I/ForgeShape(24376): camera selftest pass: pointer_index_reorder_stable
I/ForgeShape(24376): camera selftest pass: gesture_active_during_drag
I/ForgeShape(24376): camera selftest pass: cancel_clears_gesture_state
I/ForgeShape(24376): camera selftest pass: cancel_preserves_camera
I/ForgeShape(24376): camera selftest pass: cancel_no_stale_delta
I/ForgeShape(24376): camera selftest pass: post_cancel_delta_bounded
I/ForgeShape(24376): camera selftest pass: last_pointer_up_clears_gesture
I/ForgeShape(24376): camera selftest pass: new_gesture_no_stale_delta
I/ForgeShape(24376): camera selftest pass: projection_follows_aspect
I/ForgeShape(24376): camera selftest pass: degenerate_viewport_finite
I/ForgeShape(24376): camera selftest pass: mixed_gesture_stream_finite
I/ForgeShape(24376): camera selftest pass: mixed_gesture_stream_distance_in_range
I/ForgeShape(24376): camera selftest pass: mixed_gesture_stream_pitch_in_range
I/ForgeShape(24376): camera selftest pass: camproj01_default_mode_is_perspective
I/ForgeShape(24376): camera selftest pass: camproj01_fov_is_60_degrees
I/ForgeShape(24376): camera selftest pass: camproj01_proj_m5_is_minus_cot_half_fov
I/ForgeShape(24376): camera selftest pass: camproj01_proj_m0_divides_by_aspect
I/ForgeShape(24376): camera selftest pass: camproj01_is_a_pinhole_projection
I/ForgeShape(24376): camera selftest pass: camproj01_target_projects_to_centre
I/ForgeShape(24376): camera selftest pass: camproj01_top_of_frame_maps_to_minus_one
I/ForgeShape(24376): camera selftest pass: camproj01_right_of_frame_maps_to_plus_one
I/ForgeShape(24376): camera selftest pass: camproj01_near_plane_maps_to_zero
I/ForgeShape(24376): camera selftest pass: camproj01_far_plane_maps_to_one
I/ForgeShape(24376): camera selftest pass: camproj01_no_non_uniform_screen_scale
I/ForgeShape(24376): camera selftest pass: camproj02_mode_is_orthographic
I/ForgeShape(24376): camera selftest pass: camproj02_is_a_parallel_projection
I/ForgeShape(24376): camera selftest pass: camproj02_w_is_one_everywhere
I/ForgeShape(24376): camera selftest pass: camproj02_target_projects_to_centre
I/ForgeShape(24376): camera selftest pass: camproj02_y_top_maps_to_minus_one
I/ForgeShape(24376): camera selftest pass: camproj02_y_bottom_maps_to_plus_one
I/ForgeShape(24376): camera selftest pass: camproj02_x_right_maps_to_plus_one
I/ForgeShape(24376): camera selftest pass: camproj02_x_left_maps_to_minus_one
I/ForgeShape(24376): camera selftest pass: camproj02_near_maps_to_zero
I/ForgeShape(24376): camera selftest pass: camproj02_far_maps_to_one
I/ForgeShape(24376): camera selftest pass: camproj02_depth_is_linear
I/ForgeShape(24376): camera selftest pass: camproj02_target_inside_depth_slab
I/ForgeShape(24376): camera selftest pass: camproj02_no_non_uniform_screen_scale
I/ForgeShape(24376): camera selftest pass: camproj03_equal_segments_measure_nonzero
I/ForgeShape(24376): camera selftest pass: camproj03_no_depth_foreshortening
I/ForgeShape(24376): camera selftest pass: camproj03_no_depth_foreshortening_vertical
I/ForgeShape(24376): camera selftest pass: camproj03_box_faces_do_not_converge
I/ForgeShape(24376): camera selftest pass: camproj04_nearer_segment_is_larger
I/ForgeShape(24376): camera selftest pass: camproj04_foreshortening_matches_pinhole_model
I/ForgeShape(24376): camera selftest pass: camproj04_box_faces_converge
I/ForgeShape(24376): camera selftest pass: camproj05_switch_reports_a_change
I/ForgeShape(24376): camera selftest pass: camproj05_ortho_half_height_matches_perspective_span
I/ForgeShape(24376): camera selftest pass: camproj05_target_plane_scale_preserved
I/ForgeShape(24376): camera selftest pass: camproj05_centre_does_not_jump
I/ForgeShape(24376): camera selftest pass: camproj05_pose_untouched
I/ForgeShape(24376): camera selftest pass: camproj05_object_still_visible
I/ForgeShape(24376): camera selftest pass: camproj05_switching_again_is_a_no_op
I/ForgeShape(24376): camera selftest pass: camproj06_switch_reports_a_change
I/ForgeShape(24376): camera selftest pass: camproj06_distance_matches_ortho_span
I/ForgeShape(24376): camera selftest pass: camproj06_target_plane_scale_preserved
I/ForgeShape(24376): camera selftest pass: camproj06_centre_does_not_jump
I/ForgeShape(24376): camera selftest pass: camproj06_object_still_visible
I/ForgeShape(24376): camera selftest pass: camproj06_round_trip_restores_span
I/ForgeShape(24376): camera selftest pass: camproj07_perspective_orbit_keeps_distance
I/ForgeShape(24376): camera selftest pass: camproj07_perspective_orbit_keeps_fov
I/ForgeShape(24376): camera selftest pass: camproj07_perspective_orbit_keeps_target
I/ForgeShape(24376): camera selftest pass: camproj07_perspective_orbit_changes_direction
I/ForgeShape(24376): camera selftest pass: camproj07_perspective_orbit_keeps_mode
I/ForgeShape(24376): camera selftest pass: camproj07_ortho_orbit_keeps_span
I/ForgeShape(24376): camera selftest pass: camproj07_ortho_orbit_keeps_projection_matrix
I/ForgeShape(24376): camera selftest pass: camproj07_ortho_orbit_keeps_distance
I/ForgeShape(24376): camera selftest pass: camproj07_ortho_orbit_changes_direction
I/ForgeShape(24376): camera selftest pass: camproj07_ortho_eye_stays_on_view_plane_radius
I/ForgeShape(24376): camera selftest pass: camproj08_spread_shrinks_span
I/ForgeShape(24376): camera selftest pass: camproj08_pinch_does_not_fake_zoom_with_distance
I/ForgeShape(24376): camera selftest pass: camproj08_close_grows_span
I/ForgeShape(24376): camera selftest pass: camproj08_smaller_span_draws_larger
I/ForgeShape(24376): camera selftest pass: camproj08_span_clamps_at_minimum
I/ForgeShape(24376): camera selftest pass: camproj08_min_span_still_finite_and_positive
I/ForgeShape(24376): camera selftest pass: camproj08_span_clamps_at_maximum
I/ForgeShape(24376): camera selftest pass: camproj08_max_span_still_finite
I/ForgeShape(24376): camera selftest pass: camproj08_ortho_pan_moves_target
I/ForgeShape(24376): camera selftest pass: camproj08_ortho_pan_scaled_by_span
I/ForgeShape(24376): camera selftest pass: camproj08_ortho_pan_keeps_span_and_angles
I/ForgeShape(24376): camera selftest pass: camproj12_round_trip_restores_pose_exactly
I/ForgeShape(24376): camera selftest pass: camproj12_round_trip_restores_projection_matrix
I/ForgeShape(24376): camera selftest pass: camproj12_snapshot_is_pure
I/ForgeShape(24376): camera selftest pass: camproj13_resume_preserves_projection_mode
I/ForgeShape(24376): camera selftest pass: camproj13_resume_preserves_ortho_span
I/ForgeShape(24376): camera selftest pass: camproj13_resume_preserves_pose
I/ForgeShape(24376): camera selftest pass: camproj13_resume_snapshot_finite
I/ForgeShape(24376): camera selftest pass: camproj14_perspective_square_stays_square_both_orientations
I/ForgeShape(24376): camera selftest pass: camproj14_orthographic_square_stays_square_both_orientations
I/ForgeShape(24376): camera selftest pass: camproj14_aspect_follows_window_both_modes
I/ForgeShape(24376): camera selftest pass: camproj14_both_modes_finite_both_orientations
I/ForgeShape(24376): camera selftest pass: camproj14_ortho_half_height_is_orientation_independent
I/ForgeShape(24376): camera selftest pass: camproj14_ortho_landscape_is_wider_not_taller
I/ForgeShape(24376): camera selftest pass: camproj_initial_ortho_span_matches_initial_distance
I/ForgeShape(24376): camera selftest pass: camproj_mode_index_mapping_is_closed
I/ForgeShape(24376): camera selftest pass: camproj_unknown_mode_index_is_refused
I/ForgeShape(24376): FORGESHAPE_CAMERA_SELFTEST_OK (119 checks)
I/ForgeShape(24376): picking selftest pass: ray_center_builds
I/ForgeShape(24376): picking selftest pass: ray_center_origin_finite
I/ForgeShape(24376): picking selftest pass: ray_center_direction_finite
I/ForgeShape(24376): picking selftest pass: ray_center_direction_normalized
I/ForgeShape(24376): picking selftest pass: ray_origin_is_camera_eye
I/ForgeShape(24376): picking selftest pass: ray_center_points_at_target
I/ForgeShape(24376): picking selftest pass: ray_top_left_builds
I/ForgeShape(24376): picking selftest pass: ray_top_left_points_left
I/ForgeShape(24376): picking selftest pass: ray_top_left_points_up
I/ForgeShape(24376): picking selftest pass: ray_bottom_right_builds
I/ForgeShape(24376): picking selftest pass: ray_bottom_right_points_right
I/ForgeShape(24376): picking selftest pass: ray_bottom_right_points_down
I/ForgeShape(24376): picking selftest pass: ray_corners_are_distinct
I/ForgeShape(24376): picking selftest pass: ray_aspect_change_changes_direction
I/ForgeShape(24376): picking selftest pass: ray_zero_width_rejected
I/ForgeShape(24376): picking selftest pass: ray_zero_height_rejected
I/ForgeShape(24376): picking selftest pass: ray_negative_viewport_rejected
I/ForgeShape(24376): picking selftest pass: ray_nonfinite_screen_point_rejected
I/ForgeShape(24376): picking selftest pass: ray_null_out_rejected
I/ForgeShape(24376): picking selftest pass: ray_degenerate_projection_rejected
I/ForgeShape(24376): picking selftest pass: tri_front_face_hit
I/ForgeShape(24376): picking selftest pass: tri_front_hit_distance
I/ForgeShape(24376): picking selftest pass: tri_front_hit_distance_positive_finite
I/ForgeShape(24376): picking selftest pass: tri_back_face_rejected_when_culling
I/ForgeShape(24376): picking selftest pass: tri_back_face_accepted_without_culling
I/ForgeShape(24376): picking selftest pass: tri_miss_outside_triangle
I/ForgeShape(24376): picking selftest pass: tri_behind_origin_rejected
I/ForgeShape(24376): picking selftest pass: tri_parallel_rejected
I/ForgeShape(24376): picking selftest pass: tri_degenerate_point_safe
I/ForgeShape(24376): picking selftest pass: tri_degenerate_collinear_safe
I/ForgeShape(24376): picking selftest pass: tri_nonfinite_ray_rejected
I/ForgeShape(24376): picking selftest pass: mesh_nearest_hit_found
I/ForgeShape(24376): picking selftest pass: mesh_nearest_hit_is_closest
I/ForgeShape(24376): picking selftest pass: mesh_nearest_hit_triangle_index
I/ForgeShape(24376): picking selftest pass: mesh_hit_position_on_ray
I/ForgeShape(24376): picking selftest pass: mesh_null_view_safe
I/ForgeShape(24376): picking selftest pass: mesh_ragged_index_count_safe
I/ForgeShape(24376): picking selftest pass: mesh_out_of_range_index_safe
I/ForgeShape(24376): picking selftest pass: cube_mesh_view_valid
I/ForgeShape(24376): picking selftest pass: cube_winding_is_canonical
I/ForgeShape(24376): picking selftest pass: cube_reversed_winding_detected
I/ForgeShape(24376): picking selftest pass: cube_front_faces_hit_from_all_six_sides
I/ForgeShape(24376): picking selftest pass: shared_edge_ray_hits_the_quad
I/ForgeShape(24376): picking selftest pass: barely_outside_shared_edge_is_still_accepted
I/ForgeShape(24376): picking selftest pass: clearly_outside_shared_edge_is_rejected
I/ForgeShape(24376): picking selftest pass: point_outside_the_quad_still_misses
I/ForgeShape(24376): picking selftest pass: cube_interior_ray_misses_front_faces
I/ForgeShape(24376): picking selftest pass: cube_interior_ray_hits_without_culling
I/ForgeShape(24376): picking selftest pass: scene_center_hits_cube
I/ForgeShape(24376): picking selftest pass: scene_center_object_id
I/ForgeShape(24376): picking selftest pass: scene_center_triangle_index_valid
I/ForgeShape(24376): picking selftest pass: scene_center_distance_positive_finite
I/ForgeShape(24376): picking selftest pass: scene_center_hit_in_front_of_target
I/ForgeShape(24376): picking selftest pass: scene_center_position_on_cube_surface
I/ForgeShape(24376): picking selftest pass: scene_background_corner_misses
I/ForgeShape(24376): picking selftest pass: scene_miss_has_no_object_id
I/ForgeShape(24376): picking selftest pass: scene_camera_pose_actually_changed
I/ForgeShape(24376): picking selftest pass: scene_hits_cube_after_camera_move
I/ForgeShape(24376): picking selftest pass: scene_object_id_stable_after_camera_move
I/ForgeShape(24376): picking selftest pass: scene_distance_valid_after_camera_move
I/ForgeShape(24376): picking selftest pass: scene_hits_cube_after_zoom
I/ForgeShape(24376): picking selftest pass: scene_object_id_stable_after_zoom
I/ForgeShape(24376): picking selftest pass: scene_zero_viewport_safe
I/ForgeShape(24376): picking selftest pass: tap_down_does_not_pick
I/ForgeShape(24376): picking selftest pass: tap_small_down_up_picks
I/ForgeShape(24376): picking selftest pass: tap_reports_release_position
I/ForgeShape(24376): picking selftest pass: tap_cancelled_by_drag
I/ForgeShape(24376): picking selftest pass: tap_drag_release_does_not_pick
I/ForgeShape(24376): picking selftest pass: tap_uses_total_displacement_from_down
I/ForgeShape(24376): picking selftest pass: tap_creeping_drag_does_not_pick
I/ForgeShape(24376): picking selftest pass: tap_survives_small_jitter
I/ForgeShape(24376): picking selftest pass: tap_jitter_release_picks
I/ForgeShape(24376): picking selftest pass: tap_far_release_does_not_pick
I/ForgeShape(24376): picking selftest pass: tap_cancelled_by_second_pointer
I/ForgeShape(24376): picking selftest pass: tap_multitouch_release_does_not_pick
I/ForgeShape(24376): picking selftest pass: tap_foreign_pointer_move_cancels
I/ForgeShape(24376): picking selftest pass: tap_foreign_pointer_release_does_not_pick
I/ForgeShape(24376): picking selftest pass: tap_nonzero_pointer_id_picks
I/ForgeShape(24376): picking selftest pass: tap_cancel_clears_candidate
I/ForgeShape(24376): picking selftest pass: tap_cancel_release_does_not_pick
I/ForgeShape(24376): picking selftest pass: tap_cancel_preserves_selection
I/ForgeShape(24376): picking selftest pass: tap_next_gesture_has_no_stale_state
I/ForgeShape(24376): picking selftest pass: tap_next_gesture_reports_own_position
I/ForgeShape(24376): picking selftest pass: reset_gesture_clears_candidate
I/ForgeShape(24376): picking selftest pass: reset_gesture_preserves_selection
I/ForgeShape(24376): picking selftest pass: reset_gesture_release_does_not_pick
I/ForgeShape(24376): picking selftest pass: tap_null_pointers_safe
I/ForgeShape(24376): picking selftest pass: tap_nonfinite_down_rejected
I/ForgeShape(24376): picking selftest pass: selection_starts_empty
I/ForgeShape(24376): picking selftest pass: selection_pick_hit_selects
I/ForgeShape(24376): picking selftest pass: selection_holds_stable_id
I/ForgeShape(24376): picking selftest pass: selection_is_selected_query
I/ForgeShape(24376): picking selftest pass: selection_no_object_never_selected
I/ForgeShape(24376): picking selftest pass: selection_reselect_is_not_a_change
I/ForgeShape(24376): picking selftest pass: selection_pick_miss_clears
I/ForgeShape(24376): picking selftest pass: selection_cleared
I/ForgeShape(24376): picking selftest pass: selection_clear_when_empty_is_not_a_change
I/ForgeShape(24376): picking selftest pass: selection_change_count_counts_changes
I/ForgeShape(24376): picking selftest pass: camproj_probe_box_is_2x1x0.5
I/ForgeShape(24376): picking selftest pass: camproj09_perspective_all_probe_pixels_hit
I/ForgeShape(24376): picking selftest pass: camproj09_perspective_hits_front_face_only
I/ForgeShape(24376): picking selftest pass: camproj09_perspective_hit_inside_exact_box_extents
I/ForgeShape(24376): picking selftest pass: camproj09_perspective_hit_reprojects_to_source_pixel
I/ForgeShape(24376): picking selftest pass: camproj09_perspective_ray_origin_is_the_eye
I/ForgeShape(24376): picking selftest pass: camproj09_perspective_ray_directions_fan
I/ForgeShape(24376): picking selftest pass: camproj10_ortho_all_probe_pixels_hit
I/ForgeShape(24376): picking selftest pass: camproj10_ortho_hits_front_face_only
I/ForgeShape(24376): picking selftest pass: camproj10_ortho_hit_inside_exact_box_extents
I/ForgeShape(24376): picking selftest pass: camproj10_ortho_hit_reprojects_to_source_pixel
I/ForgeShape(24376): picking selftest pass: camproj10_ortho_ray_origin_moves_with_pixel
I/ForgeShape(24376): picking selftest pass: camproj10_ortho_ray_direction_is_shared
I/ForgeShape(24376): picking selftest pass: camproj10_ortho_direction_is_the_view_axis
I/ForgeShape(24376): picking selftest pass: camproj_centre_pick_agrees_across_projections
I/ForgeShape(24376): picking selftest pass: camproj10_ortho_background_pixel_misses
I/ForgeShape(24376): picking selftest pass: camproj10_ortho_rejects_degenerate_input
I/ForgeShape(24376): picking selftest pass: camproj10_ortho_ray_is_finite_and_unit
I/ForgeShape(24376): picking selftest pass: plane_front_hits_under_ordinary_front_face_rule
I/ForgeShape(24376): picking selftest pass: plane_back_misses_under_ordinary_front_face_rule
I/ForgeShape(24376): picking selftest pass: plane_front_hits_with_two_sided_exception
I/ForgeShape(24376): picking selftest pass: plane_back_hits_with_two_sided_exception
I/ForgeShape(24376): picking selftest pass: plane_outside_width_misses_from_front
I/ForgeShape(24376): picking selftest pass: plane_outside_width_misses_from_back
I/ForgeShape(24376): picking selftest pass: plane_outside_depth_misses
I/ForgeShape(24376): picking selftest pass: plane_just_inside_rectangle_hits
I/ForgeShape(24376): picking selftest pass: plane_persp_rotated_front_pick_round_trips
I/ForgeShape(24376): picking selftest pass: plane_ortho_rotated_front_pick_round_trips
I/ForgeShape(24376): picking selftest pass: plane_rotated_back_pick_hits_finite_plane
I/ForgeShape(24376): picking selftest pass: plane_rotated_back_misses_without_exception
I/ForgeShape(24376): picking selftest pass: pointer_tool_code_maps_finger
I/ForgeShape(24376): picking selftest pass: pointer_tool_code_maps_stylus
I/ForgeShape(24376): picking selftest pass: pointer_tool_code_maps_eraser
I/ForgeShape(24376): picking selftest pass: pointer_tool_code_maps_mouse
I/ForgeShape(24376): picking selftest pass: pointer_tool_code_zero_is_unknown
I/ForgeShape(24376): picking selftest pass: pointer_tool_future_code_falls_back_to_unknown
I/ForgeShape(24376): picking selftest pass: pointer_tool_negative_code_falls_back_to_unknown
I/ForgeShape(24376): picking selftest pass: pointer_tool_code_round_trips
I/ForgeShape(24376): picking selftest pass: pointer_tool_name_is_never_null
I/ForgeShape(24376): picking selftest pass: pointer_default_tool_is_finger
I/ForgeShape(24376): picking selftest pass: pointer_default_pressure_is_full
I/ForgeShape(24376): picking selftest pass: pointer_default_tilt_is_none
I/ForgeShape(24376): picking selftest pass: pointer_default_keeps_id_and_position
I/ForgeShape(24376): picking selftest pass: stylus_pointer_carries_tool_type
I/ForgeShape(24376): picking selftest pass: stylus_pointer_carries_pressure
I/ForgeShape(24376): picking selftest pass: stylus_pointer_carries_tilt
I/ForgeShape(24376): picking selftest pass: stylus_pointer_carries_tilt_orientation
I/ForgeShape(24376): picking selftest pass: eraser_and_mouse_are_distinct_tool_types
I/ForgeShape(24376): picking selftest pass: eraser_and_mouse_keep_the_default_pressure
I/ForgeShape(24376): picking selftest pass: pressure_passes_a_valid_value
I/ForgeShape(24376): picking selftest pass: pressure_clamps_below_zero
I/ForgeShape(24376): picking selftest pass: pressure_clamps_above_one
I/ForgeShape(24376): picking selftest pass: pressure_nan_falls_back_to_full
I/ForgeShape(24376): picking selftest pass: pressure_infinity_falls_back_to_full
I/ForgeShape(24376): picking selftest pass: sanitized_pressure_is_always_finite_and_in_range
I/ForgeShape(24376): picking selftest pass: tilt_passes_a_valid_value
I/ForgeShape(24376): picking selftest pass: tilt_clamps_negative_to_none
I/ForgeShape(24376): picking selftest pass: tilt_clamps_beyond_flat
I/ForgeShape(24376): picking selftest pass: tilt_nan_falls_back_to_none
I/ForgeShape(24376): picking selftest pass: tilt_infinity_falls_back_to_none
I/ForgeShape(24376): picking selftest pass: huge_finite_tilt_is_clamped_not_defaulted
I/ForgeShape(24376): picking selftest pass: tilt_max_is_a_quarter_turn_in_radians
I/ForgeShape(24376): picking selftest pass: tilt_orientation_passes_a_valid_value
I/ForgeShape(24376): picking selftest pass: tilt_orientation_wraps_just_past_pi
I/ForgeShape(24376): picking selftest pass: tilt_orientation_wraps_a_full_turn_to_itself
I/ForgeShape(24376): picking selftest pass: tilt_orientation_nonfinite_falls_back_to_zero
I/ForgeShape(24376): picking selftest pass: sanitized_tilt_orientation_stays_in_range
I/ForgeShape(24376): picking selftest pass: no_tilt_reports_no_tilt_direction
I/ForgeShape(24376): picking selftest pass: a_real_tilt_keeps_its_direction
I/ForgeShape(24376): picking selftest pass: nonfinite_tilt_pair_falls_back_safely
I/ForgeShape(24376): picking selftest pass: tilt_sanitizer_tolerates_null_outputs
I/ForgeShape(24376): picking selftest pass: pointer_copy_preserves_every_field_per_index
I/ForgeShape(24376): picking selftest pass: packed_pointers_are_distinguishable
I/ForgeShape(24376): picking selftest pass: max_tracked_pointers_is_unchanged_at_six
I/ForgeShape(24376): picking selftest pass: stylus_resolves_the_same_tap_as_a_finger
I/ForgeShape(24376): picking selftest pass: stylus_orbits_exactly_as_a_finger_does
I/ForgeShape(24376): FORGESHAPE_PICKING_SELFTEST_OK (174 checks)
I/ForgeShape(24376): dynamic mesh selftest pass: validate_accepts_valid_triangle_mesh
I/ForgeShape(24376): dynamic mesh selftest pass: validate_rejects_non_finite_vertex
I/ForgeShape(24376): dynamic mesh selftest pass: validate_rejects_infinite_vertex
I/ForgeShape(24376): dynamic mesh selftest pass: validate_rejects_out_of_range_index
I/ForgeShape(24376): dynamic mesh selftest pass: validate_rejects_ragged_index_count
I/ForgeShape(24376): dynamic mesh selftest pass: validate_rejects_null_vertices
I/ForgeShape(24376): dynamic mesh selftest pass: validate_rejects_null_indices
I/ForgeShape(24376): dynamic mesh selftest pass: validate_rejects_zero_vertices
I/ForgeShape(24376): dynamic mesh selftest pass: validate_rejects_zero_indices
I/ForgeShape(24376): dynamic mesh selftest pass: validate_rejects_too_many_vertices
I/ForgeShape(24376): dynamic mesh selftest pass: create_rejects_invalid_mesh
I/ForgeShape(24376): dynamic mesh selftest pass: create_rejects_reserved_revision_zero
I/ForgeShape(24376): dynamic mesh selftest pass: create_accepts_valid_mesh
I/ForgeShape(24376): dynamic mesh selftest pass: created_mesh_reports_counts
I/ForgeShape(24376): dynamic mesh selftest pass: created_mesh_reports_byte_sizes
I/ForgeShape(24376): dynamic mesh selftest pass: created_mesh_keeps_object_id
I/ForgeShape(24376): dynamic mesh selftest pass: created_mesh_keeps_revision
I/ForgeShape(24376): dynamic mesh selftest pass: created_mesh_copies_data
I/ForgeShape(24376): dynamic mesh selftest pass: store_starts_empty
I/ForgeShape(24376): dynamic mesh selftest pass: store_first_revision_is_not_zero
I/ForgeShape(24376): dynamic mesh selftest pass: store_revisions_are_monotonic
I/ForgeShape(24376): dynamic mesh selftest pass: store_current_is_latest
I/ForgeShape(24376): dynamic mesh selftest pass: store_published_count
I/ForgeShape(24376): dynamic mesh selftest pass: store_rejects_invalid_publish
I/ForgeShape(24376): dynamic mesh selftest pass: store_reports_rejection_reason
I/ForgeShape(24376): dynamic mesh selftest pass: store_keeps_previous_revision_after_rejection
I/ForgeShape(24376): dynamic mesh selftest pass: store_rejected_count
I/ForgeShape(24376): dynamic mesh selftest pass: store_rejects_stale_snapshot
I/ForgeShape(24376): dynamic mesh selftest pass: store_revision_unchanged_after_stale
I/ForgeShape(24376): dynamic mesh selftest pass: store_rejects_equal_revision_snapshot
I/ForgeShape(24376): dynamic mesh selftest pass: store_accepts_newer_snapshot
I/ForgeShape(24376): dynamic mesh selftest pass: store_current_follows_newer_snapshot
I/ForgeShape(24376): dynamic mesh selftest pass: store_next_revision_exceeds_adopted
I/ForgeShape(24376): dynamic mesh selftest pass: store_rejects_null_snapshot
I/ForgeShape(24376): dynamic mesh selftest pass: store_rejects_foreign_object_id
I/ForgeShape(24376): dynamic mesh selftest pass: object_id_survives_revision_changes
I/ForgeShape(24376): dynamic mesh selftest pass: coalescing_observes_only_newest
I/ForgeShape(24376): dynamic mesh selftest pass: coalescing_keeps_object_id
I/ForgeShape(24376): dynamic mesh selftest pass: capacity_grows_from_zero
I/ForgeShape(24376): dynamic mesh selftest pass: capacity_reuses_on_equal_need
I/ForgeShape(24376): dynamic mesh selftest pass: capacity_reuses_on_smaller_vertex_need
I/ForgeShape(24376): dynamic mesh selftest pass: capacity_reuses_on_smaller_index_need
I/ForgeShape(24376): dynamic mesh selftest pass: capacity_never_shrinks
I/ForgeShape(24376): dynamic mesh selftest pass: capacity_grows_on_larger_vertex_need
I/ForgeShape(24376): dynamic mesh selftest pass: capacity_grows_on_larger_index_need
I/ForgeShape(24376): dynamic mesh selftest pass: capacity_growth_is_at_least_one_and_a_half
I/ForgeShape(24376): dynamic mesh selftest pass: capacity_sufficient_predicate_equal
I/ForgeShape(24376): dynamic mesh selftest pass: capacity_sufficient_predicate_smaller
I/ForgeShape(24376): dynamic mesh selftest pass: capacity_sufficient_predicate_larger
I/ForgeShape(24376): dynamic mesh selftest pass: capacity_refuses_beyond_cap
I/ForgeShape(24376): dynamic mesh selftest pass: capacity_refuses_huge_need
I/ForgeShape(24376): dynamic mesh selftest pass: capacity_refuses_corrupt_current
I/ForgeShape(24376): dynamic mesh selftest pass: capacity_allows_exact_cap
I/ForgeShape(24376): dynamic mesh selftest pass: capacity_clamps_growth_to_cap
I/ForgeShape(24376): dynamic mesh selftest pass: capacity_rejects_null_out
I/ForgeShape(24376): dynamic mesh selftest pass: fixture_a_matches_bootstrap_cube
I/ForgeShape(24376): dynamic mesh selftest pass: fixture_a_winding_is_canonical
I/ForgeShape(24376): dynamic mesh selftest pass: fixture_b_same_vertex_count
I/ForgeShape(24376): dynamic mesh selftest pass: fixture_b_same_index_count
I/ForgeShape(24376): dynamic mesh selftest pass: fixture_b_winding_is_canonical
I/ForgeShape(24376): dynamic mesh selftest pass: fixture_b_geometry_actually_changed
I/ForgeShape(24376): dynamic mesh selftest pass: fixture_c_has_more_vertices
I/ForgeShape(24376): dynamic mesh selftest pass: fixture_c_has_more_indices
I/ForgeShape(24376): dynamic mesh selftest pass: fixture_c_expected_counts
I/ForgeShape(24376): dynamic mesh selftest pass: fixture_c_winding_is_canonical
I/ForgeShape(24376): dynamic mesh selftest pass: fixture_indices_all_in_range
I/ForgeShape(24376): dynamic mesh selftest pass: fixture_positions_all_finite
I/ForgeShape(24376): dynamic mesh selftest pass: fixture_index_counts_are_triangles
I/ForgeShape(24376): dynamic mesh selftest pass: fixture_all_validate
I/ForgeShape(24376): dynamic mesh selftest pass: stress_steps_keep_topology_and_winding
I/ForgeShape(24376): dynamic mesh selftest pass: stress_steps_actually_move_vertices
I/ForgeShape(24376): dynamic mesh selftest pass: center_ray_builds
I/ForgeShape(24376): dynamic mesh selftest pass: fixture_a_hit_from_center
I/ForgeShape(24376): dynamic mesh selftest pass: fixture_b_hit_from_center
I/ForgeShape(24376): dynamic mesh selftest pass: fixture_c_hit_from_center
I/ForgeShape(24376): dynamic mesh selftest pass: fixtures_differ_along_the_same_ray
I/ForgeShape(24376): dynamic mesh selftest pass: fixture_c_hit_lies_on_its_own_surface
I/ForgeShape(24376): dynamic mesh selftest pass: pick_reads_baseline_revision
I/ForgeShape(24376): dynamic mesh selftest pass: pick_baseline_object_id_is_stable
I/ForgeShape(24376): dynamic mesh selftest pass: pick_reads_same_topology_revision
I/ForgeShape(24376): dynamic mesh selftest pass: pick_same_topology_object_id_is_stable
I/ForgeShape(24376): dynamic mesh selftest pass: pick_sees_changed_geometry
I/ForgeShape(24376): dynamic mesh selftest pass: pick_reads_larger_replacement_revision
I/ForgeShape(24376): dynamic mesh selftest pass: pick_larger_object_id_is_stable
I/ForgeShape(24376): dynamic mesh selftest pass: pick_larger_uses_updated_triangles
I/ForgeShape(24376): dynamic mesh selftest pass: held_snapshot_is_immutable
I/ForgeShape(24376): dynamic mesh selftest pass: store_moved_on_after_held_snapshot
I/ForgeShape(24376): dynamic mesh selftest pass: invalid_revision_fails_closed
I/ForgeShape(24376): dynamic mesh selftest pass: pick_still_works_after_rejected_revision
I/ForgeShape(24376): dynamic mesh selftest pass: selection_id_unchanged_across_mesh_revisions
I/ForgeShape(24376): dynamic mesh selftest pass: selection_change_count_stays_one
I/ForgeShape(24376): FORGESHAPE_DYNAMIC_MESH_SELFTEST_OK (91 checks)
I/ForgeShape(24376): construction box selftest pass: default_width_is_2m
I/ForgeShape(24376): construction box selftest pass: default_height_is_1m
I/ForgeShape(24376): construction box selftest pass: default_depth_is_0_5m
I/ForgeShape(24376): construction box selftest pass: default_is_non_cubic
I/ForgeShape(24376): construction box selftest pass: default_object_id_is_construction_box
I/ForgeShape(24376): construction box selftest pass: default_update_count_zero
I/ForgeShape(24376): construction box selftest pass: double_parameter_retained_exactly
I/ForgeShape(24376): construction box selftest pass: generated_vertex_count_is_8
I/ForgeShape(24376): construction box selftest pass: generated_index_count_is_36
I/ForgeShape(24376): construction box selftest pass: generated_triangle_count_is_12
I/ForgeShape(24376): construction box selftest pass: generated_indices_in_range
I/ForgeShape(24376): construction box selftest pass: generated_uses_all_8_corners
I/ForgeShape(24376): construction box selftest pass: default_extent_x
I/ForgeShape(24376): construction box selftest pass: default_extent_y
I/ForgeShape(24376): construction box selftest pass: default_extent_z
I/ForgeShape(24376): construction box selftest pass: default_center_at_origin
I/ForgeShape(24376): construction box selftest pass: stateB_extent_x
I/ForgeShape(24376): construction box selftest pass: stateB_extent_y
I/ForgeShape(24376): construction box selftest pass: stateB_extent_z
I/ForgeShape(24376): construction box selftest pass: stateB_center_at_origin
I/ForgeShape(24376): construction box selftest pass: stateC_extent_x
I/ForgeShape(24376): construction box selftest pass: stateC_extent_y
I/ForgeShape(24376): construction box selftest pass: stateC_extent_z
I/ForgeShape(24376): construction box selftest pass: stateC_center_at_origin
I/ForgeShape(24376): construction box selftest pass: tiny_extent_x
I/ForgeShape(24376): construction box selftest pass: tiny_extent_y
I/ForgeShape(24376): construction box selftest pass: tiny_extent_z
I/ForgeShape(24376): construction box selftest pass: tiny_center_at_origin
I/ForgeShape(24376): construction box selftest pass: large_extent_x
I/ForgeShape(24376): construction box selftest pass: large_extent_y
I/ForgeShape(24376): construction box selftest pass: large_extent_z
I/ForgeShape(24376): construction box selftest pass: large_center_at_origin
I/ForgeShape(24376): construction box selftest pass: non_cubic_axes_are_distinct
I/ForgeShape(24376): construction box selftest pass: single_axis_change_is_isolated
I/ForgeShape(24376): construction box selftest pass: winding_canonical_default
I/ForgeShape(24376): construction box selftest pass: runtime_validation_default
I/ForgeShape(24376): construction box selftest pass: runtime_mesh_builds_default
I/ForgeShape(24376): construction box selftest pass: winding_canonical_stateB
I/ForgeShape(24376): construction box selftest pass: runtime_validation_stateB
I/ForgeShape(24376): construction box selftest pass: runtime_mesh_builds_stateB
I/ForgeShape(24376): construction box selftest pass: winding_canonical_stateC
I/ForgeShape(24376): construction box selftest pass: runtime_validation_stateC
I/ForgeShape(24376): construction box selftest pass: runtime_mesh_builds_stateC
I/ForgeShape(24376): construction box selftest pass: front_face_only_ray_from_inside_misses
I/ForgeShape(24376): construction box selftest pass: initial_publish_succeeds
I/ForgeShape(24376): construction box selftest pass: valid_change_is_applied
I/ForgeShape(24376): construction box selftest pass: valid_change_publishes_new_revision
I/ForgeShape(24376): construction box selftest pass: object_id_stable_across_change
I/ForgeShape(24376): construction box selftest pass: published_mesh_carries_object_id
I/ForgeShape(24376): construction box selftest pass: dimension_change_keeps_topology
I/ForgeShape(24376): construction box selftest pass: identical_dimensions_are_unchanged
I/ForgeShape(24376): construction box selftest pass: identical_dimensions_do_not_count_as_update
I/ForgeShape(24376): construction box selftest pass: identical_dimensions_leave_revision_alone
I/ForgeShape(24376): construction box selftest pass: second_valid_change_is_applied
I/ForgeShape(24376): construction box selftest pass: second_valid_change_publishes_newer_revision
I/ForgeShape(24376): construction box selftest pass: object_id_stable_across_all_changes
I/ForgeShape(24376): construction box selftest pass: update_count_tracks_real_changes
I/ForgeShape(24376): construction box selftest pass: reject_zero_width
I/ForgeShape(24376): construction box selftest pass: reject_zero_height
I/ForgeShape(24376): construction box selftest pass: reject_zero_depth
I/ForgeShape(24376): construction box selftest pass: reject_negative_width
I/ForgeShape(24376): construction box selftest pass: reject_negative_height
I/ForgeShape(24376): construction box selftest pass: reject_negative_depth
I/ForgeShape(24376): construction box selftest pass: reject_nan_width
I/ForgeShape(24376): construction box selftest pass: reject_nan_depth
I/ForgeShape(24376): construction box selftest pass: reject_inf_width
I/ForgeShape(24376): construction box selftest pass: reject_negative_inf_height
I/ForgeShape(24376): construction box selftest pass: reject_beyond_float_range
I/ForgeShape(24376): construction box selftest pass: reject_below_float_range
I/ForgeShape(24376): construction box selftest pass: rejection_does_not_partially_apply
I/ForgeShape(24376): construction box selftest pass: rejection_counted
I/ForgeShape(24376): construction box selftest pass: mesh_after_rejection_is_previous_valid
I/ForgeShape(24376): construction box selftest pass: validate_rejects_zero
I/ForgeShape(24376): construction box selftest pass: validate_accepts_typical
I/ForgeShape(24376): construction box selftest pass: apply_valid_reports_applied
I/ForgeShape(24376): construction box selftest pass: apply_valid_publishes_once
I/ForgeShape(24376): construction box selftest pass: apply_valid_reports_new_dimensions
I/ForgeShape(24376): construction box selftest pass: apply_valid_matches_box_state
I/ForgeShape(24376): construction box selftest pass: apply_valid_keeps_topology
I/ForgeShape(24376): construction box selftest pass: apply_valid_keeps_object_id
I/ForgeShape(24376): construction box selftest pass: apply_identical_reports_unchanged
I/ForgeShape(24376): construction box selftest pass: apply_identical_publishes_nothing
I/ForgeShape(24376): construction box selftest pass: apply_identical_does_not_count_as_update
I/ForgeShape(24376): construction box selftest pass: apply_invalid_reports_rejected
I/ForgeShape(24376): construction box selftest pass: apply_invalid_publishes_nothing
I/ForgeShape(24376): construction box selftest pass: apply_invalid_preserves_parameters
I/ForgeShape(24376): construction box selftest pass: apply_invalid_does_not_partially_apply
I/ForgeShape(24376): construction box selftest pass: apply_nan_reports_not_finite
I/ForgeShape(24376): construction box selftest pass: apply_decimal_state_exact
I/ForgeShape(24376): construction box selftest pass: apply_unit_independent_state
I/ForgeShape(24376): construction box selftest pass: apply_same_state_from_any_unit_is_unchanged
I/ForgeShape(24376): construction box selftest pass: box_publishes_into_process_store
I/ForgeShape(24376): construction box selftest pass: process_store_holds_box_topology
I/ForgeShape(24376): construction box selftest pass: process_store_holds_box_extents
I/ForgeShape(24376): construction box selftest pass: pick_ray_hits_generated_x_half_extent
I/ForgeShape(24376): construction box selftest pass: pick_ray_hits_generated_y_half_extent
I/ForgeShape(24376): construction box selftest pass: pick_ray_hits_generated_z_half_extent
I/ForgeShape(24376): construction box selftest pass: pick_geometry_is_not_debug_fixture
I/ForgeShape(24376): construction box selftest pass: pick_scene_hits_construction_box
I/ForgeShape(24376): construction box selftest pass: pick_scene_hit_lies_on_generated_box
I/ForgeShape(24376): FORGESHAPE_CONSTRUCTION_BOX_SELFTEST_OK (100 checks)
I/ForgeShape(24376): construction transform selftest pass: default_position_is_origin
I/ForgeShape(24376): construction transform selftest pass: default_rotation_is_zero
I/ForgeShape(24376): construction transform selftest pass: default_is_identity_flag
I/ForgeShape(24376): construction transform selftest pass: default_counts_zero
I/ForgeShape(24376): construction transform selftest pass: default_model_is_identity
I/ForgeShape(24376): construction transform selftest pass: default_inverse_is_identity
I/ForgeShape(24376): construction transform selftest pass: double_position_retained_exactly
I/ForgeShape(24376): construction transform selftest pass: valid_change_is_applied
I/ForgeShape(24376): construction transform selftest pass: applied_values_are_exact
I/ForgeShape(24376): construction transform selftest pass: applied_counts_once
I/ForgeShape(24376): construction transform selftest pass: applied_is_not_identity
I/ForgeShape(24376): construction transform selftest pass: identical_values_are_unchanged
I/ForgeShape(24376): construction transform selftest pass: identical_values_do_not_count
I/ForgeShape(24376): construction transform selftest pass: single_value_change_is_applied
I/ForgeShape(24376): construction transform selftest pass: negative_position_is_applied
I/ForgeShape(24376): construction transform selftest pass: negative_rotation_is_applied
I/ForgeShape(24376): construction transform selftest pass: zero_value_is_valid
I/ForgeShape(24376): construction transform selftest pass: rotation_is_not_canonicalized
I/ForgeShape(24376): construction transform selftest pass: wrapped_rotation_has_same_derived_matrix
I/ForgeShape(24376): construction transform selftest pass: reject_nan_position_x
I/ForgeShape(24376): construction transform selftest pass: reject_nan_position_z
I/ForgeShape(24376): construction transform selftest pass: reject_inf_position_y
I/ForgeShape(24376): construction transform selftest pass: reject_nan_rotation_x
I/ForgeShape(24376): construction transform selftest pass: reject_nan_rotation_z
I/ForgeShape(24376): construction transform selftest pass: reject_negative_inf_rotation_y
I/ForgeShape(24376): construction transform selftest pass: reject_beyond_float_position
I/ForgeShape(24376): construction transform selftest pass: reject_beyond_float_rotation
I/ForgeShape(24376): construction transform selftest pass: rejection_does_not_partially_apply
I/ForgeShape(24376): construction transform selftest pass: rejection_counted
I/ForgeShape(24376): construction transform selftest pass: matrix_after_rejection_is_previous_valid
I/ForgeShape(24376): construction transform selftest pass: translation_lands_in_matrix_column_3
I/ForgeShape(24376): construction transform selftest pass: translation_moves_a_point
I/ForgeShape(24376): construction transform selftest pass: translation_does_not_move_a_direction
I/ForgeShape(24376): construction transform selftest pass: rotate_x_plus_90_takes_y_to_z
I/ForgeShape(24376): construction transform selftest pass: rotate_x_plus_90_leaves_x_axis
I/ForgeShape(24376): construction transform selftest pass: rotate_y_plus_90_takes_z_to_x
I/ForgeShape(24376): construction transform selftest pass: rotate_y_plus_90_leaves_y_axis
I/ForgeShape(24376): construction transform selftest pass: rotate_z_plus_90_takes_x_to_y
I/ForgeShape(24376): construction transform selftest pass: rotate_z_plus_90_leaves_z_axis
I/ForgeShape(24376): construction transform selftest pass: rotate_z_minus_90_takes_x_to_minus_y
I/ForgeShape(24376): construction transform selftest pass: euler_order_is_x_then_y_then_z
I/ForgeShape(24376): construction transform selftest pass: euler_order_is_not_z_then_y_then_x
I/ForgeShape(24376): construction transform selftest pass: translation_applies_after_rotation
I/ForgeShape(24376): construction transform selftest pass: rotation_still_acts_on_local_offset
I/ForgeShape(24376): construction transform selftest pass: model_finite_identity
I/ForgeShape(24376): construction transform selftest pass: inverse_finite_identity
I/ForgeShape(24376): construction transform selftest pass: model_times_inverse_is_identity_identity
I/ForgeShape(24376): construction transform selftest pass: inverse_times_model_is_identity_identity
I/ForgeShape(24376): construction transform selftest pass: model_finite_translated
I/ForgeShape(24376): construction transform selftest pass: inverse_finite_translated
I/ForgeShape(24376): construction transform selftest pass: model_times_inverse_is_identity_translated
I/ForgeShape(24376): construction transform selftest pass: inverse_times_model_is_identity_translated
I/ForgeShape(24376): construction transform selftest pass: model_finite_rotated
I/ForgeShape(24376): construction transform selftest pass: inverse_finite_rotated
I/ForgeShape(24376): construction transform selftest pass: model_times_inverse_is_identity_rotated
I/ForgeShape(24376): construction transform selftest pass: inverse_times_model_is_identity_rotated
I/ForgeShape(24376): construction transform selftest pass: model_finite_combined
I/ForgeShape(24376): construction transform selftest pass: inverse_finite_combined
I/ForgeShape(24376): construction transform selftest pass: model_times_inverse_is_identity_combined
I/ForgeShape(24376): construction transform selftest pass: inverse_times_model_is_identity_combined
I/ForgeShape(24376): construction transform selftest pass: model_finite_negative
I/ForgeShape(24376): construction transform selftest pass: inverse_finite_negative
I/ForgeShape(24376): construction transform selftest pass: model_times_inverse_is_identity_negative
I/ForgeShape(24376): construction transform selftest pass: inverse_times_model_is_identity_negative
I/ForgeShape(24376): construction transform selftest pass: model_finite_large
I/ForgeShape(24376): construction transform selftest pass: inverse_finite_large
I/ForgeShape(24376): construction transform selftest pass: model_times_inverse_is_identity_large
I/ForgeShape(24376): construction transform selftest pass: inverse_times_model_is_identity_large
I/ForgeShape(24376): construction transform selftest pass: inverse_preserves_direction_length
I/ForgeShape(24376): construction transform selftest pass: world_ray_to_local_translated_origin
I/ForgeShape(24376): construction transform selftest pass: world_ray_to_local_translation_leaves_direction
I/ForgeShape(24376): construction transform selftest pass: world_ray_to_local_rotated_origin
I/ForgeShape(24376): construction transform selftest pass: world_ray_to_local_rotated_direction
I/ForgeShape(24376): construction transform selftest pass: world_ray_to_local_rejects_non_finite_matrix
I/ForgeShape(24376): construction transform selftest pass: translated_box_is_hit
I/ForgeShape(24376): construction transform selftest pass: translated_box_hit_is_at_moved_top_face
I/ForgeShape(24376): construction transform selftest pass: translated_box_hit_distance_is_world_distance
I/ForgeShape(24376): construction transform selftest pass: rotated_box_is_hit
I/ForgeShape(24376): construction transform selftest pass: rotated_box_hit_uses_rotated_extent
I/ForgeShape(24376): construction transform selftest pass: rotated_box_hit_is_not_unrotated_extent
I/ForgeShape(24376): construction transform selftest pass: ray_misses_box_that_moved_away
I/ForgeShape(24376): construction transform selftest pass: transform_applies_are_applied
I/ForgeShape(24376): construction transform selftest pass: transform_does_not_change_mesh_revision
I/ForgeShape(24376): construction transform selftest pass: transform_does_not_publish
I/ForgeShape(24376): construction transform selftest pass: transform_leaves_runtime_mesh_identical
I/ForgeShape(24376): construction transform selftest pass: transform_leaves_vertex_data_local
I/ForgeShape(24376): construction transform selftest pass: dimension_change_publishes_new_revision
I/ForgeShape(24376): construction transform selftest pass: dimension_change_leaves_transform_untouched
I/ForgeShape(24376): construction transform selftest pass: dimension_change_leaves_transform_update_count
I/ForgeShape(24376): construction transform selftest pass: entry_point_reports_applied
I/ForgeShape(24376): construction transform selftest pass: entry_point_reports_new_values
I/ForgeShape(24376): construction transform selftest pass: entry_point_reports_unchanged
I/ForgeShape(24376): construction transform selftest pass: entry_point_reports_rejected
I/ForgeShape(24376): construction transform selftest pass: entry_point_reports_retained_values_on_reject
I/ForgeShape(24376): construction transform selftest pass: scale_defaults_to_one
I/ForgeShape(24376): construction transform selftest pass: an_ordinary_scale_applies
I/ForgeShape(24376): construction transform selftest pass: the_same_scale_again_is_unchanged
I/ForgeShape(24376): construction transform selftest pass: zero_and_negative_scale_are_refused
I/ForgeShape(24376): construction transform selftest pass: a_refused_scale_leaves_every_previous_value_standing
I/ForgeShape(24376): construction transform selftest pass: a_non_finite_scale_is_refused_as_not_finite
I/ForgeShape(24376): construction transform selftest pass: a_bad_scale_leaves_the_position_untouched
I/ForgeShape(24376): construction transform selftest pass: zero_and_negative_coordinates_are_still_ordinary
I/ForgeShape(24376): construction transform selftest pass: scale_is_applied_in_object_space_before_the_rotation
I/ForgeShape(24376): construction transform selftest pass: a_second_scaled_axis_is_scaled_by_its_own_factor
I/ForgeShape(24376): construction transform selftest pass: the_scaled_inverse_undoes_the_scaled_model
I/ForgeShape(24376): construction transform selftest pass: a_local_ray_parameter_is_still_world_distance_under_scale
I/ForgeShape(24376): construction transform selftest pass: the_normal_matrix_uses_the_inverse_scale
I/ForgeShape(24376): construction transform selftest pass: a_carried_normal_stays_perpendicular_to_a_carried_tangent
I/ForgeShape(24376): construction transform selftest pass: an_unscaled_normal_matrix_is_the_rotation
I/ForgeShape(24376): construction transform selftest pass: every_decomposition_rebuilds_its_own_matrix
I/ForgeShape(24376): construction transform selftest pass: a_decomposition_prefers_the_triple_it_was_given
I/ForgeShape(24376): construction transform selftest pass: a_stepped_turn_climbs_past_720_without_wrapping
I/ForgeShape(24376): construction transform selftest pass: a_stepped_turn_the_other_way_falls_past_minus_360
I/ForgeShape(24376): construction transform selftest pass: the_branch_nearest_the_previous_answer_wins
I/ForgeShape(24376): construction transform selftest pass: the_chosen_branch_is_still_the_same_orientation
I/ForgeShape(24376): construction transform selftest pass: an_untouched_euler_component_comes_back_exactly
I/ForgeShape(24376): construction transform selftest pass: a_singular_orientation_is_finite_and_orientation_correct
I/ForgeShape(24376): construction transform selftest pass: a_non_finite_matrix_has_no_decomposition
I/ForgeShape(24376): construction transform selftest pass: a_non_finite_previous_has_no_decomposition
I/ForgeShape(24376): construction transform selftest pass: elementary_rotations_match_the_convention
I/ForgeShape(24376): construction transform selftest pass: an_unknown_elementary_axis_is_the_identity
I/ForgeShape(24376): FORGESHAPE_CONSTRUCTION_TRANSFORM_SELFTEST_OK (121 checks)
I/ForgeShape(24376): construction primitive selftest pass: active_object_defaults_to_box
I/ForgeShape(24376): construction primitive selftest pass: active_object_keeps_box_defaults
I/ForgeShape(24376): construction primitive selftest pass: active_object_carries_cylinder_defaults
I/ForgeShape(24376): construction primitive selftest pass: active_object_id_is_stable_value
I/ForgeShape(24376): construction primitive selftest pass: active_object_counts_start_at_zero
I/ForgeShape(24376): construction primitive selftest pass: active_object_transform_starts_identity
I/ForgeShape(24376): construction primitive selftest pass: active_object_default_mesh_is_the_box
I/ForgeShape(24376): construction primitive selftest pass: a_body_has_exactly_one_placement
I/ForgeShape(24376): construction primitive selftest pass: process_transform_answers_for_no_project_without_reading_a_body
I/ForgeShape(24376): construction primitive selftest pass: box_to_cylinder_is_applied
I/ForgeShape(24376): construction primitive selftest pass: kind_is_cylinder_after_switch
I/ForgeShape(24376): construction primitive selftest pass: object_id_stable_box_to_cylinder
I/ForgeShape(24376): construction primitive selftest pass: transform_survives_box_to_cylinder
I/ForgeShape(24376): construction primitive selftest pass: kind_change_does_not_count_as_a_transform_update
I/ForgeShape(24376): construction primitive selftest pass: cylinder_to_box_is_applied
I/ForgeShape(24376): construction primitive selftest pass: kind_is_box_after_switch_back
I/ForgeShape(24376): construction primitive selftest pass: object_id_stable_cylinder_to_box
I/ForgeShape(24376): construction primitive selftest pass: transform_survives_cylinder_to_box
I/ForgeShape(24376): construction primitive selftest pass: cylinder_parameters_remembered_while_box_is_active
I/ForgeShape(24376): construction primitive selftest pass: published_mesh_object_id_stable
I/ForgeShape(24376): construction primitive selftest pass: box_to_cylinder_publishes_exactly_one_revision
I/ForgeShape(24376): construction primitive selftest pass: box_to_cylinder_reports_cylinder_topology
I/ForgeShape(24376): construction primitive selftest pass: box_to_cylinder_store_holds_cylinder_topology
I/ForgeShape(24376): construction primitive selftest pass: cylinder_parameters_are_exact_doubles
I/ForgeShape(24376): construction primitive selftest pass: cylinder_radius_is_derived_not_stored
I/ForgeShape(24376): construction primitive selftest pass: identical_cylinder_is_unchanged
I/ForgeShape(24376): construction primitive selftest pass: identical_cylinder_publishes_nothing
I/ForgeShape(24376): construction primitive selftest pass: identical_cylinder_does_not_count_as_update
I/ForgeShape(24376): construction primitive selftest pass: cylinder_parameter_change_publishes_one_revision
I/ForgeShape(24376): construction primitive selftest pass: cylinder_parameter_change_keeps_topology
I/ForgeShape(24376): construction primitive selftest pass: kind_change_with_identical_parameters_is_applied
I/ForgeShape(24376): construction primitive selftest pass: reject_zero_diameter
I/ForgeShape(24376): construction primitive selftest pass: reject_negative_diameter
I/ForgeShape(24376): construction primitive selftest pass: reject_zero_cylinder_height
I/ForgeShape(24376): construction primitive selftest pass: reject_negative_cylinder_height
I/ForgeShape(24376): construction primitive selftest pass: reject_nan_diameter
I/ForgeShape(24376): construction primitive selftest pass: reject_inf_cylinder_height
I/ForgeShape(24376): construction primitive selftest pass: reject_unrepresentable_diameter
I/ForgeShape(24376): construction primitive selftest pass: rejected_kind_change_does_not_switch_kind
I/ForgeShape(24376): construction primitive selftest pass: rejection_counted_on_the_object
I/ForgeShape(24376): construction primitive selftest pass: cylinder_vertex_count_is_2n_plus_2
I/ForgeShape(24376): construction primitive selftest pass: cylinder_index_count_is_12n
I/ForgeShape(24376): construction primitive selftest pass: cylinder_triangle_count_is_4n
I/ForgeShape(24376): construction primitive selftest pass: cylinder_positions_all_finite
I/ForgeShape(24376): construction primitive selftest pass: cylinder_indices_in_range
I/ForgeShape(24376): construction primitive selftest pass: cylinder_uses_every_vertex
I/ForgeShape(24376): construction primitive selftest pass: cylinder_bottom_cap_is_a_closed_fan
I/ForgeShape(24376): construction primitive selftest pass: cylinder_top_cap_is_a_closed_fan
I/ForgeShape(24376): construction primitive selftest pass: cylinder_ring_vertices_are_shared_by_sides_and_caps
I/ForgeShape(24376): construction primitive selftest pass: cylinder_vertex_uses_account_for_every_index
I/ForgeShape(24376): construction primitive selftest pass: cylinder_mesh_passes_runtime_validation
I/ForgeShape(24376): construction primitive selftest pass: cylinder_bounds_default
I/ForgeShape(24376): construction primitive selftest pass: cylinder_winding_default
I/ForgeShape(24376): construction primitive selftest pass: cylinder_bounds_1_2x2_4
I/ForgeShape(24376): construction primitive selftest pass: cylinder_winding_1_2x2_4
I/ForgeShape(24376): construction primitive selftest pass: cylinder_bounds_wide_flat
I/ForgeShape(24376): construction primitive selftest pass: cylinder_winding_wide_flat
I/ForgeShape(24376): construction primitive selftest pass: cylinder_bounds_tall_thin
I/ForgeShape(24376): construction primitive selftest pass: cylinder_winding_tall_thin
I/ForgeShape(24376): construction primitive selftest pass: cylinder_front_face_only_ray_from_inside_misses
I/ForgeShape(24376): construction primitive selftest pass: cylinder_front_face_only_ray_from_inside_misses_cap
I/ForgeShape(24376): construction primitive selftest pass: cylinder_side_ray_hits_exact_radius
I/ForgeShape(24376): construction primitive selftest pass: cylinder_side_ray_hits_exact_radius_on_z
I/ForgeShape(24376): construction primitive selftest pass: cylinder_top_cap_ray_hits_half_height
I/ForgeShape(24376): construction primitive selftest pass: cylinder_bottom_cap_ray_hits_negative_half_height
I/ForgeShape(24376): construction primitive selftest pass: cylinder_ray_outside_radius_misses
I/ForgeShape(24376): construction primitive selftest pass: cylinder_ray_inside_radius_hits_cap
I/ForgeShape(24376): construction primitive selftest pass: cylinder_is_round_not_square
I/ForgeShape(24376): construction primitive selftest pass: transformed_cylinder_is_hit
I/ForgeShape(24376): construction primitive selftest pass: transformed_cylinder_hit_is_at_moved_cap
I/ForgeShape(24376): construction primitive selftest pass: rotated_cylinder_presents_its_side
I/ForgeShape(24376): construction primitive selftest pass: plane_vertex_count_is_exactly_4
I/ForgeShape(24376): construction primitive selftest pass: plane_index_count_is_exactly_6
I/ForgeShape(24376): construction primitive selftest pass: plane_triangle_count_is_exactly_2
I/ForgeShape(24376): construction primitive selftest pass: plane_positions_all_finite
I/ForgeShape(24376): construction primitive selftest pass: plane_indices_in_range
I/ForgeShape(24376): construction primitive selftest pass: plane_no_duplicate_source_vertices
I/ForgeShape(24376): construction primitive selftest pass: plane_no_degenerate_triangle
I/ForgeShape(24376): construction primitive selftest pass: plane_uses_every_vertex
I/ForgeShape(24376): construction primitive selftest pass: plane_mesh_passes_runtime_validation
I/ForgeShape(24376): construction primitive selftest pass: plane_topology_independent_of_dimensions
I/ForgeShape(24376): construction primitive selftest pass: plane_bounds_default
I/ForgeShape(24376): construction primitive selftest pass: plane_winding_default
I/ForgeShape(24376): construction primitive selftest pass: plane_normal_default
I/ForgeShape(24376): construction primitive selftest pass: plane_bounds_3x0_4
I/ForgeShape(24376): construction primitive selftest pass: plane_winding_3x0_4
I/ForgeShape(24376): construction primitive selftest pass: plane_normal_3x0_4
I/ForgeShape(24376): construction primitive selftest pass: plane_bounds_wide_flat
I/ForgeShape(24376): construction primitive selftest pass: plane_winding_wide_flat
I/ForgeShape(24376): construction primitive selftest pass: plane_normal_wide_flat
I/ForgeShape(24376): construction primitive selftest pass: plane_bounds_narrow_tall
I/ForgeShape(24376): construction primitive selftest pass: plane_winding_narrow_tall
I/ForgeShape(24376): construction primitive selftest pass: plane_normal_narrow_tall
I/ForgeShape(24376): construction primitive selftest pass: reject_zero_plane_width
I/ForgeShape(24376): construction primitive selftest pass: reject_negative_plane_width
I/ForgeShape(24376): construction primitive selftest pass: reject_zero_plane_depth
I/ForgeShape(24376): construction primitive selftest pass: reject_negative_plane_depth
I/ForgeShape(24376): construction primitive selftest pass: reject_nan_plane_width
I/ForgeShape(24376): construction primitive selftest pass: reject_inf_plane_depth
I/ForgeShape(24376): construction primitive selftest pass: reject_unrepresentable_plane_width
I/ForgeShape(24376): construction primitive selftest pass: box_to_plane_publishes_exactly_one_revision
I/ForgeShape(24376): construction primitive selftest pass: box_to_plane_reports_plane_topology
I/ForgeShape(24376): construction primitive selftest pass: box_to_plane_preserves_object_id
I/ForgeShape(24376): construction primitive selftest pass: box_to_plane_preserves_transform
I/ForgeShape(24376): construction primitive selftest pass: identical_plane_is_unchanged
I/ForgeShape(24376): construction primitive selftest pass: identical_plane_publishes_nothing
I/ForgeShape(24376): construction primitive selftest pass: plane_parameter_change_publishes_one_revision
I/ForgeShape(24376): construction primitive selftest pass: plane_parameter_change_keeps_topology
I/ForgeShape(24376): construction primitive selftest pass: plane_parameter_change_preserves_object_id
I/ForgeShape(24376): construction primitive selftest pass: plane_parameter_change_preserves_transform
I/ForgeShape(24376): construction primitive selftest pass: round_trip_kind_ends_on_plane
I/ForgeShape(24376): construction primitive selftest pass: round_trip_object_id_stable
I/ForgeShape(24376): construction primitive selftest pass: round_trip_remembers_box
I/ForgeShape(24376): construction primitive selftest pass: round_trip_remembers_cylinder
I/ForgeShape(24376): construction primitive selftest pass: round_trip_remembers_sphere
I/ForgeShape(24376): construction primitive selftest pass: round_trip_remembers_cone
I/ForgeShape(24376): construction primitive selftest pass: round_trip_remembers_capsule
I/ForgeShape(24376): construction primitive selftest pass: round_trip_remembers_plane
I/ForgeShape(24376): construction primitive selftest pass: round_trip_back_to_box_is_applied
I/ForgeShape(24376): construction primitive selftest pass: round_trip_back_to_box_object_id_stable
I/ForgeShape(24376): construction primitive selftest pass: round_trip_plane_still_remembered_while_box_active
I/ForgeShape(24376): construction primitive selftest pass: object_publishes_box_topology
I/ForgeShape(24376): construction primitive selftest pass: box_apply_through_object_is_applied
I/ForgeShape(24376): construction primitive selftest pass: box_apply_through_object_is_exact
I/ForgeShape(24376): construction primitive selftest pass: box_apply_through_object_keeps_topology
I/ForgeShape(24376): construction primitive selftest pass: box_repeat_through_object_is_unchanged
I/ForgeShape(24376): FORGESHAPE_CONSTRUCTION_PRIMITIVE_SELFTEST_OK (126 checks)
I/ForgeShape(24376): construction sphere selftest pass: box_spec_reports_box_kind
I/ForgeShape(24376): construction sphere selftest pass: box_spec_carries_only_box_parameters
I/ForgeShape(24376): construction sphere selftest pass: box_spec_values_are_exact
I/ForgeShape(24376): construction sphere selftest pass: cylinder_spec_reports_cylinder_kind
I/ForgeShape(24376): construction sphere selftest pass: cylinder_spec_carries_only_cylinder_parameters
I/ForgeShape(24376): construction sphere selftest pass: cylinder_spec_values_are_exact
I/ForgeShape(24376): construction sphere selftest pass: sphere_spec_reports_sphere_kind
I/ForgeShape(24376): construction sphere selftest pass: sphere_spec_carries_only_sphere_parameters
I/ForgeShape(24376): construction sphere selftest pass: sphere_spec_value_is_exact
I/ForgeShape(24376): construction sphere selftest pass: default_spec_is_the_default_box
I/ForgeShape(24376): construction sphere selftest pass: kind_matches_payload_index
I/ForgeShape(24376): construction sphere selftest pass: cylinder_request_applies_only_to_the_cylinder
I/ForgeShape(24376): construction sphere selftest pass: cylinder_active_spec_exposes_no_box_or_sphere_values
I/ForgeShape(24376): construction sphere selftest pass: sphere_request_applies_only_to_the_sphere
I/ForgeShape(24376): construction sphere selftest pass: sphere_active_spec_exposes_no_box_or_cylinder_values
I/ForgeShape(24376): construction sphere selftest pass: box_request_applies_only_to_the_box
I/ForgeShape(24376): construction sphere selftest pass: box_active_spec_exposes_no_cylinder_or_sphere_values
I/ForgeShape(24376): construction sphere selftest pass: identical_numbers_in_different_primitives_stay_separate
I/ForgeShape(24376): construction sphere selftest pass: reject_zero_sphere_diameter
I/ForgeShape(24376): construction sphere selftest pass: reject_negative_sphere_diameter
I/ForgeShape(24376): construction sphere selftest pass: reject_nan_sphere_diameter
I/ForgeShape(24376): construction sphere selftest pass: reject_inf_sphere_diameter
I/ForgeShape(24376): construction sphere selftest pass: reject_unrepresentable_sphere_diameter
I/ForgeShape(24376): construction sphere selftest pass: rejected_sphere_request_does_not_switch_kind
I/ForgeShape(24376): construction sphere selftest pass: rejected_sphere_request_is_counted
I/ForgeShape(24376): construction sphere selftest pass: box_to_sphere_publishes_exactly_one_revision
I/ForgeShape(24376): construction sphere selftest pass: box_to_sphere_reports_sphere_topology
I/ForgeShape(24376): construction sphere selftest pass: box_to_sphere_store_holds_sphere_topology
I/ForgeShape(24376): construction sphere selftest pass: sphere_diameter_is_the_exact_authoritative_double
I/ForgeShape(24376): construction sphere selftest pass: sphere_radius_is_derived_not_stored
I/ForgeShape(24376): construction sphere selftest pass: applied_result_spec_is_the_sphere
I/ForgeShape(24376): construction sphere selftest pass: identical_sphere_is_unchanged
I/ForgeShape(24376): construction sphere selftest pass: identical_sphere_publishes_nothing
I/ForgeShape(24376): construction sphere selftest pass: identical_sphere_does_not_count_as_update
I/ForgeShape(24376): construction sphere selftest pass: sphere_diameter_change_publishes_one_revision
I/ForgeShape(24376): construction sphere selftest pass: sphere_diameter_change_keeps_topology
I/ForgeShape(24376): construction sphere selftest pass: sphere_kind_change_with_identical_parameter_is_applied
I/ForgeShape(24376): construction sphere selftest pass: object_id_stable_box_to_sphere
I/ForgeShape(24376): construction sphere selftest pass: transform_survives_box_to_sphere
I/ForgeShape(24376): construction sphere selftest pass: sphere_switch_does_not_count_as_a_transform_update
I/ForgeShape(24376): construction sphere selftest pass: object_id_stable_across_all_three_kinds
I/ForgeShape(24376): construction sphere selftest pass: transform_survives_sphere_cylinder_box
I/ForgeShape(24376): construction sphere selftest pass: sphere_parameter_remembered_while_box_is_active
I/ForgeShape(24376): construction sphere selftest pass: published_mesh_object_id_stable_across_sphere
I/ForgeShape(24376): construction sphere selftest pass: sphere_parameter_edit_leaves_the_transform_alone
I/ForgeShape(24376): construction sphere selftest pass: sphere_vertex_count_is_rings_times_n_plus_2
I/ForgeShape(24376): construction sphere selftest pass: sphere_index_count_is_6n_times_stacks_minus_1
I/ForgeShape(24376): construction sphere selftest pass: sphere_triangle_count_is_2n_times_stacks_minus_1
I/ForgeShape(24376): construction sphere selftest pass: sphere_counts_are_deterministic
I/ForgeShape(24376): construction sphere selftest pass: sphere_stacks_are_even_so_a_ring_lands_on_the_equator
I/ForgeShape(24376): construction sphere selftest pass: sphere_positions_all_finite
I/ForgeShape(24376): construction sphere selftest pass: sphere_indices_in_range
I/ForgeShape(24376): construction sphere selftest pass: sphere_uses_every_vertex
I/ForgeShape(24376): construction sphere selftest pass: sphere_north_pole_is_a_closed_fan
I/ForgeShape(24376): construction sphere selftest pass: sphere_south_pole_is_a_closed_fan
I/ForgeShape(24376): construction sphere selftest pass: sphere_rings_beside_the_poles_are_shared_by_band_and_fan
I/ForgeShape(24376): construction sphere selftest pass: sphere_interior_ring_vertices_are_shared_by_two_bands
I/ForgeShape(24376): construction sphere selftest pass: sphere_vertex_uses_account_for_every_index
I/ForgeShape(24376): construction sphere selftest pass: sphere_mesh_passes_runtime_validation
I/ForgeShape(24376): construction sphere selftest pass: sphere_has_no_duplicated_directed_edge
I/ForgeShape(24376): construction sphere selftest pass: sphere_every_edge_is_shared_by_two_opposed_triangles
I/ForgeShape(24376): construction sphere selftest pass: sphere_euler_characteristic_is_2
I/ForgeShape(24376): construction sphere selftest pass: sphere_bounds_default
I/ForgeShape(24376): construction sphere selftest pass: sphere_winding_default
I/ForgeShape(24376): construction sphere selftest pass: sphere_bounds_1_5
I/ForgeShape(24376): construction sphere selftest pass: sphere_winding_1_5
I/ForgeShape(24376): construction sphere selftest pass: sphere_bounds_tiny
I/ForgeShape(24376): construction sphere selftest pass: sphere_winding_tiny
I/ForgeShape(24376): construction sphere selftest pass: sphere_bounds_large
I/ForgeShape(24376): construction sphere selftest pass: sphere_winding_large
I/ForgeShape(24376): construction sphere selftest pass: sphere_equator_plus_x_is_exact
I/ForgeShape(24376): construction sphere selftest pass: sphere_equator_plus_z_is_exact
I/ForgeShape(24376): construction sphere selftest pass: sphere_equator_minus_x_is_exact
I/ForgeShape(24376): construction sphere selftest pass: sphere_equator_minus_z_is_exact
I/ForgeShape(24376): construction sphere selftest pass: sphere_north_pole_is_exact
I/ForgeShape(24376): construction sphere selftest pass: sphere_south_pole_is_exact
I/ForgeShape(24376): construction sphere selftest pass: sphere_every_vertex_is_one_radius_from_the_centre
I/ForgeShape(24376): construction sphere selftest pass: sphere_is_centred_on_the_local_origin
I/ForgeShape(24376): construction sphere selftest pass: sphere_no_degenerate_triangles_default
I/ForgeShape(24376): construction sphere selftest pass: sphere_no_degenerate_triangles_1_5
I/ForgeShape(24376): construction sphere selftest pass: sphere_no_degenerate_triangles_tiny
I/ForgeShape(24376): construction sphere selftest pass: sphere_no_degenerate_triangles_large
I/ForgeShape(24376): construction sphere selftest pass: sphere_front_surface_is_hit
I/ForgeShape(24376): construction sphere selftest pass: sphere_upper_region_is_hit
I/ForgeShape(24376): construction sphere selftest pass: sphere_two_regions_are_materially_different
I/ForgeShape(24376): construction sphere selftest pass: sphere_pole_region_is_hit
I/ForgeShape(24376): construction sphere selftest pass: sphere_ray_outside_radius_misses
I/ForgeShape(24376): construction sphere selftest pass: sphere_is_round_not_square
I/ForgeShape(24376): construction sphere selftest pass: sphere_front_face_only_ray_from_inside_misses
I/ForgeShape(24376): construction sphere selftest pass: smaller_sphere_is_missed_where_the_larger_one_was_hit
I/ForgeShape(24376): construction sphere selftest pass: smaller_sphere_is_hit_at_its_own_radius
I/ForgeShape(24376): construction sphere selftest pass: transformed_sphere_is_hit
I/ForgeShape(24376): construction sphere selftest pass: transformed_sphere_hit_is_at_the_moved_top
I/ForgeShape(24376): construction sphere selftest pass: moved_sphere_leaves_its_old_place_empty
I/ForgeShape(24376): construction sphere selftest pass: rotated_sphere_is_still_hit
I/ForgeShape(24376): construction sphere selftest pass: rotated_sphere_hit_is_still_at_its_top
I/ForgeShape(24376): construction sphere selftest pass: rotating_a_sphere_leaves_a_real_non_identity_transform
I/ForgeShape(24376): construction sphere selftest pass: object_still_publishes_box_topology_at_startup
I/ForgeShape(24376): construction sphere selftest pass: typed_box_apply_is_applied_once
I/ForgeShape(24376): construction sphere selftest pass: typed_box_apply_is_exact
I/ForgeShape(24376): construction sphere selftest pass: typed_cylinder_apply_is_applied_once
I/ForgeShape(24376): construction sphere selftest pass: typed_cylinder_apply_is_exact
I/ForgeShape(24376): construction sphere selftest pass: typed_cylinder_repeat_is_unchanged
I/ForgeShape(24376): construction sphere selftest pass: typed_box_rejection_still_fails_closed
I/ForgeShape(24376): construction sphere selftest pass: one_object_generates_all_three_topologies
I/ForgeShape(24376): FORGESHAPE_CONSTRUCTION_SPHERE_SELFTEST_OK (105 checks)
I/ForgeShape(24376): Vulkan loader instance version: 1.4.0
I/ForgeShape(24376): cone capsule selftest pass: cone_spec_reports_cone_kind
I/ForgeShape(24376): cone capsule selftest pass: cone_spec_carries_only_cone_parameters
I/ForgeShape(24376): cone capsule selftest pass: cone_spec_values_are_exact
I/ForgeShape(24376): cone capsule selftest pass: capsule_spec_reports_capsule_kind
I/ForgeShape(24376): cone capsule selftest pass: capsule_spec_carries_only_capsule_parameters
I/ForgeShape(24376): cone capsule selftest pass: capsule_spec_values_are_exact
I/ForgeShape(24376): cone capsule selftest pass: cone_and_capsule_kinds_match_payload_index
I/ForgeShape(24376): cone capsule selftest pass: cone_and_capsule_with_identical_numbers_stay_separate
I/ForgeShape(24376): cone capsule selftest pass: cone_request_applies_only_to_the_cone
I/ForgeShape(24376): cone capsule selftest pass: cone_active_spec_exposes_no_other_primitive_values
I/ForgeShape(24376): cone capsule selftest pass: capsule_request_applies_only_to_the_capsule
I/ForgeShape(24376): cone capsule selftest pass: capsule_active_spec_exposes_no_other_primitive_values
I/ForgeShape(24376): cone capsule selftest pass: capsule_radius_and_middle_are_derived
I/ForgeShape(24376): cone capsule selftest pass: cone_bottom_radius_is_derived
I/ForgeShape(24376): cone capsule selftest pass: box_to_cone_publishes_exactly_one_revision
I/ForgeShape(24376): cone capsule selftest pass: box_to_cone_reports_cone_topology
I/ForgeShape(24376): cone capsule selftest pass: box_to_cone_store_holds_cone_topology
I/ForgeShape(24376): cone capsule selftest pass: identical_cone_is_unchanged_and_publishes_nothing
I/ForgeShape(24376): cone capsule selftest pass: cone_height_change_publishes_one_revision_at_the_same_topology
I/ForgeShape(24376): cone capsule selftest pass: cone_kind_change_with_identical_parameters_is_applied
I/ForgeShape(24376): cone capsule selftest pass: box_to_capsule_publishes_exactly_one_revision
I/ForgeShape(24376): cone capsule selftest pass: box_to_capsule_reports_capsule_topology
I/ForgeShape(24376): cone capsule selftest pass: identical_capsule_is_unchanged_and_publishes_nothing
I/ForgeShape(24376): cone capsule selftest pass: capsule_equal_to_its_diameter_is_applied
I/ForgeShape(24376): cone capsule selftest pass: capsule_with_no_middle_publishes_the_spherical_topology
I/ForgeShape(24376): cone capsule selftest pass: capsule_with_no_middle_keeps_its_authoritative_parameters
I/ForgeShape(24376): cone capsule selftest pass: reject_zero_cone_diameter
I/ForgeShape(24376): cone capsule selftest pass: reject_negative_cone_height
I/ForgeShape(24376): cone capsule selftest pass: reject_nan_cone_diameter
I/ForgeShape(24376): cone capsule selftest pass: reject_inf_cone_height
I/ForgeShape(24376): cone capsule selftest pass: reject_unrepresentable_cone_diameter
I/ForgeShape(24376): cone capsule selftest pass: reject_zero_capsule_diameter
I/ForgeShape(24376): cone capsule selftest pass: reject_negative_capsule_total_height
I/ForgeShape(24376): cone capsule selftest pass: reject_nan_capsule_total_height
I/ForgeShape(24376): cone capsule selftest pass: reject_inf_capsule_diameter
I/ForgeShape(24376): cone capsule selftest pass: reject_unrepresentable_capsule_diameter
I/ForgeShape(24376): cone capsule selftest pass: reject_capsule_shorter_than_its_diameter
I/ForgeShape(24376): cone capsule selftest pass: reject_capsule_barely_shorter_than_its_diameter
I/ForgeShape(24376): cone capsule selftest pass: reject_capsule_whose_ends_cannot_be_resolved_in_float
I/ForgeShape(24376): cone capsule selftest pass: rejected_cone_request_does_not_switch_kind
I/ForgeShape(24376): cone capsule selftest pass: rejected_capsule_relation_does_not_switch_kind
I/ForgeShape(24376): cone capsule selftest pass: rejected_cone_and_capsule_requests_are_counted
I/ForgeShape(24376): cone capsule selftest pass: capsule_relation_owner_accepts_equality
I/ForgeShape(24376): cone capsule selftest pass: capsule_relation_owner_refuses_shortfall
I/ForgeShape(24376): cone capsule selftest pass: capsule_relation_owner_reports_length_problems_first
I/ForgeShape(24376): cone capsule selftest pass: cone_vertex_count_is_n_plus_2
I/ForgeShape(24376): cone capsule selftest pass: cone_index_count_is_6n
I/ForgeShape(24376): cone capsule selftest pass: cone_triangle_count_is_2n
I/ForgeShape(24376): cone capsule selftest pass: cone_counts_are_deterministic
I/ForgeShape(24376): cone capsule selftest pass: cone_positions_all_finite
I/ForgeShape(24376): cone capsule selftest pass: cone_indices_in_range
I/ForgeShape(24376): cone capsule selftest pass: cone_shares_the_one_radial_tessellation_owner
I/ForgeShape(24376): cone capsule selftest pass: cone_ring_vertices_are_shared_by_side_and_base
I/ForgeShape(24376): cone capsule selftest pass: cone_apex_is_a_closed_fan
I/ForgeShape(24376): cone capsule selftest pass: cone_base_centre_is_a_closed_fan
I/ForgeShape(24376): cone capsule selftest pass: cone_vertex_uses_account_for_every_index
I/ForgeShape(24376): cone capsule selftest pass: cone_mesh_passes_runtime_validation
I/ForgeShape(24376): cone capsule selftest pass: cone_is_closed_and_consistently_oriented
I/ForgeShape(24376): cone capsule selftest pass: cone_euler_characteristic_is_2
I/ForgeShape(24376): cone capsule selftest pass: cone_bounds_default
I/ForgeShape(24376): cone capsule selftest pass: cone_winding_default
I/ForgeShape(24376): cone capsule selftest pass: cone_no_degenerate_default
I/ForgeShape(24376): cone capsule selftest pass: cone_bounds_2x2
I/ForgeShape(24376): cone capsule selftest pass: cone_winding_2x2
I/ForgeShape(24376): cone capsule selftest pass: cone_no_degenerate_2x2
I/ForgeShape(24376): cone capsule selftest pass: cone_bounds_tiny
I/ForgeShape(24376): cone capsule selftest pass: cone_winding_tiny
I/ForgeShape(24376): cone capsule selftest pass: cone_no_degenerate_tiny
I/ForgeShape(24376): cone capsule selftest pass: cone_bounds_wide_and_flat
I/ForgeShape(24376): cone capsule selftest pass: cone_winding_wide_and_flat
I/ForgeShape(24376): cone capsule selftest pass: cone_no_degenerate_wide_and_flat
I/ForgeShape(24376): cone capsule selftest pass: cone_bounds_tall_and_thin
I/ForgeShape(24376): cone capsule selftest pass: cone_winding_tall_and_thin
I/ForgeShape(24376): cone capsule selftest pass: cone_no_degenerate_tall_and_thin
I/ForgeShape(24376): cone capsule selftest pass: cone_base_plus_x_is_exact
I/ForgeShape(24376): cone capsule selftest pass: cone_base_plus_z_is_exact
I/ForgeShape(24376): cone capsule selftest pass: cone_base_minus_x_is_exact
I/ForgeShape(24376): cone capsule selftest pass: cone_base_minus_z_is_exact
I/ForgeShape(24376): cone capsule selftest pass: cone_apex_is_a_point_on_the_axis
I/ForgeShape(24376): cone capsule selftest pass: cone_base_centre_is_on_the_axis_at_the_base
I/ForgeShape(24376): cone capsule selftest pass: cone_base_ring_is_flat_and_circular
I/ForgeShape(24376): cone capsule selftest pass: cone_side_is_hit
I/ForgeShape(24376): cone capsule selftest pass: cone_base_is_hit_from_below
I/ForgeShape(24376): cone capsule selftest pass: cone_base_is_closed_at_its_centre
I/ForgeShape(24376): cone capsule selftest pass: cone_ray_outside_the_base_radius_misses
I/ForgeShape(24376): cone capsule selftest pass: cone_tapers_so_a_cylinder_ray_misses
I/ForgeShape(24376): cone capsule selftest pass: cone_front_face_only_ray_from_inside_misses
I/ForgeShape(24376): cone capsule selftest pass: narrower_cone_is_missed_where_the_wider_one_was_hit
I/ForgeShape(24376): cone capsule selftest pass: transformed_cone_is_hit_near_its_moved_apex
I/ForgeShape(24376): cone capsule selftest pass: moved_cone_leaves_its_old_place_empty
I/ForgeShape(24376): cone capsule selftest pass: flipped_cone_is_hit_on_its_now_upward_base
I/ForgeShape(24376): cone capsule selftest pass: unflipped_cone_is_hit_far_lower_on_its_sloped_flank
I/ForgeShape(24376): cone capsule selftest pass: capsule_vertex_count_is_rings_times_n_plus_2
I/ForgeShape(24376): cone capsule selftest pass: capsule_index_count_is_6nr
I/ForgeShape(24376): cone capsule selftest pass: capsule_counts_are_deterministic_for_a_given_shape
I/ForgeShape(24376): cone capsule selftest pass: capsule_positions_all_finite
I/ForgeShape(24376): cone capsule selftest pass: capsule_indices_in_range
I/ForgeShape(24376): cone capsule selftest pass: capsule_shares_the_one_tessellation_owner
I/ForgeShape(24376): cone capsule selftest pass: capsule_north_pole_is_a_closed_fan
I/ForgeShape(24376): cone capsule selftest pass: capsule_south_pole_is_a_closed_fan
I/ForgeShape(24376): cone capsule selftest pass: capsule_rings_beside_the_poles_are_shared_by_band_and_fan
I/ForgeShape(24376): cone capsule selftest pass: capsule_interior_ring_vertices_are_shared_by_two_bands
I/ForgeShape(24376): cone capsule selftest pass: capsule_vertex_uses_account_for_every_index
I/ForgeShape(24376): cone capsule selftest pass: capsule_mesh_passes_runtime_validation
I/ForgeShape(24376): cone capsule selftest pass: capsule_is_closed_and_consistently_oriented
I/ForgeShape(24376): cone capsule selftest pass: capsule_euler_characteristic_is_2
I/ForgeShape(24376): cone capsule selftest pass: capsule_with_no_middle_has_the_spherical_counts
I/ForgeShape(24376): cone capsule selftest pass: capsule_with_no_middle_matches_the_sphere_topology_exactly
I/ForgeShape(24376): cone capsule selftest pass: capsule_with_no_middle_has_no_degenerate_triangle
I/ForgeShape(24376): cone capsule selftest pass: capsule_with_no_middle_has_finite_positions_and_valid_indices
I/ForgeShape(24376): cone capsule selftest pass: capsule_with_no_middle_has_no_duplicated_zero_length_ring
I/ForgeShape(24376): cone capsule selftest pass: capsule_with_no_middle_is_closed_and_oriented
I/ForgeShape(24376): cone capsule selftest pass: capsule_with_no_middle_is_spherical
I/ForgeShape(24376): cone capsule selftest pass: capsule_with_no_middle_is_one_radius_everywhere
I/ForgeShape(24376): cone capsule selftest pass: capsule_barely_taller_than_wide_has_a_middle
I/ForgeShape(24376): cone capsule selftest pass: capsule_bounds_default
I/ForgeShape(24376): cone capsule selftest pass: capsule_winding_default
I/ForgeShape(24376): cone capsule selftest pass: capsule_no_degenerate_default
I/ForgeShape(24376): cone capsule selftest pass: capsule_bounds_1x3
I/ForgeShape(24376): cone capsule selftest pass: capsule_winding_1x3
I/ForgeShape(24376): cone capsule selftest pass: capsule_no_degenerate_1x3
I/ForgeShape(24376): cone capsule selftest pass: capsule_bounds_equal
I/ForgeShape(24376): cone capsule selftest pass: capsule_winding_equal
I/ForgeShape(24376): cone capsule selftest pass: capsule_no_degenerate_equal
I/ForgeShape(24376): cone capsule selftest pass: capsule_bounds_tiny
I/ForgeShape(24376): cone capsule selftest pass: capsule_winding_tiny
I/ForgeShape(24376): cone capsule selftest pass: capsule_no_degenerate_tiny
I/ForgeShape(24376): cone capsule selftest pass: capsule_bounds_long
I/ForgeShape(24376): cone capsule selftest pass: capsule_winding_long
I/ForgeShape(24376): cone capsule selftest pass: capsule_no_degenerate_long
I/ForgeShape(24376): cone capsule selftest pass: capsule_bounds_large
I/ForgeShape(24376): cone capsule selftest pass: capsule_winding_large
I/ForgeShape(24376): cone capsule selftest pass: capsule_no_degenerate_large
I/ForgeShape(24376): cone capsule selftest pass: capsule_top_seam_plus_x_is_exact
I/ForgeShape(24376): cone capsule selftest pass: capsule_bottom_seam_plus_x_is_exact
I/ForgeShape(24376): cone capsule selftest pass: capsule_seam_plus_z_is_exact
I/ForgeShape(24376): cone capsule selftest pass: capsule_poles_are_at_the_total_height
I/ForgeShape(24376): cone capsule selftest pass: capsule_ends_are_true_hemispheres_about_the_seam_centres
I/ForgeShape(24376): cone capsule selftest pass: capsule_middle_is_hit
I/ForgeShape(24376): cone capsule selftest pass: capsule_middle_is_a_true_cylinder
I/ForgeShape(24376): cone capsule selftest pass: capsule_hemisphere_is_hit_at_the_total_height
I/ForgeShape(24376): cone capsule selftest pass: capsule_end_is_round_not_flat
I/ForgeShape(24376): cone capsule selftest pass: capsule_ray_outside_the_radius_misses
I/ForgeShape(24376): cone capsule selftest pass: capsule_ray_above_the_total_height_misses
I/ForgeShape(24376): cone capsule selftest pass: capsule_tapers_so_a_cylinder_ray_misses
I/ForgeShape(24376): cone capsule selftest pass: capsule_front_face_only_ray_from_inside_misses
I/ForgeShape(24376): cone capsule selftest pass: transformed_capsule_is_hit_at_its_moved_top
I/ForgeShape(24376): cone capsule selftest pass: moved_capsule_leaves_its_old_place_empty
I/ForgeShape(24376): cone capsule selftest pass: capsule_laid_on_its_side_is_hit_1_4_m_along_x
I/ForgeShape(24376): cone capsule selftest pass: upright_capsule_is_missed_by_the_same_ray
I/ForgeShape(24376): cone capsule selftest pass: object_id_is_stable_across_all_five_kinds
I/ForgeShape(24376): cone capsule selftest pass: transform_survives_the_whole_five_kind_round_trip
I/ForgeShape(24376): cone capsule selftest pass: no_shape_change_counted_as_a_transform_update
I/ForgeShape(24376): cone capsule selftest pass: every_primitives_typed_values_are_remembered
I/ForgeShape(24376): cone capsule selftest pass: round_trip_back_to_the_box_is_unchanged_the_second_time
I/ForgeShape(24376): cone capsule selftest pass: cone_transform_edit_publishes_no_revision
I/ForgeShape(24376): cone capsule selftest pass: capsule_transform_edit_publishes_no_revision
I/ForgeShape(24376): cone capsule selftest pass: object_still_publishes_box_topology_at_startup
I/ForgeShape(24376): cone capsule selftest pass: cylinder_topology_is_unchanged_by_this_stage
I/ForgeShape(24376): cone capsule selftest pass: sphere_topology_is_unchanged_by_this_stage
I/ForgeShape(24376): cone capsule selftest pass: box_topology_is_unchanged_by_this_stage
I/ForgeShape(24376): cone capsule selftest pass: shared_tessellation_owner_did_not_move_the_old_primitives
I/ForgeShape(24376): cone capsule selftest pass: one_object_generates_all_five_topologies
I/ForgeShape(24376): FORGESHAPE_CONE_CAPSULE_SELFTEST_OK (163 checks)
I/ForgeShape(24376): Vulkan instance created (requested API 1.1)
I/ForgeShape(24376): sculpt brush kernel selftest pass: radius_clamps_below_minimum
I/ForgeShape(24376): sculpt brush kernel selftest pass: radius_clamps_above_maximum
I/ForgeShape(24376): sculpt brush kernel selftest pass: radius_passes_valid_value
I/ForgeShape(24376): sculpt brush kernel selftest pass: radius_nonfinite_falls_back_to_default
I/ForgeShape(24376): sculpt brush kernel selftest pass: strength_clamps_below_minimum
I/ForgeShape(24376): sculpt brush kernel selftest pass: strength_clamps_above_maximum
I/ForgeShape(24376): sculpt brush kernel selftest pass: strength_passes_valid_value
I/ForgeShape(24376): sculpt brush kernel selftest pass: strength_nonfinite_falls_back_to_default
I/ForgeShape(24376): sculpt brush kernel selftest pass: falloff_is_one_at_centre
I/ForgeShape(24376): sculpt brush kernel selftest pass: falloff_is_zero_at_rim
I/ForgeShape(24376): sculpt brush kernel selftest pass: falloff_is_zero_outside_rim
I/ForgeShape(24376): sculpt brush kernel selftest pass: falloff_decreases_outward
I/ForgeShape(24376): sculpt brush kernel selftest pass: falloff_is_positive_inside
I/ForgeShape(24376): sculpt brush kernel selftest pass: falloff_zero_radius_moves_nothing
I/ForgeShape(24376): sculpt brush kernel selftest pass: falloff_nonfinite_distance_is_zero
I/ForgeShape(24376): sculpt brush kernel selftest pass: mode_starts_as_construction
I/ForgeShape(24376): sculpt brush kernel selftest pass: no_sculpt_mesh_before_freeze
I/ForgeShape(24376): sculpt brush kernel selftest pass: enter_sculpt_refused_before_freeze
I/ForgeShape(24376): sculpt brush kernel selftest pass: mode_still_construction_after_refused_enter
I/ForgeShape(24376): sculpt brush kernel selftest pass: freeze_succeeds
I/ForgeShape(24376): sculpt brush kernel selftest pass: freeze_enters_sculpt_mode
I/ForgeShape(24376): sculpt brush kernel selftest pass: freeze_creates_sculpt_mesh
I/ForgeShape(24376): sculpt brush kernel selftest pass: freeze_copies_vertex_count
I/ForgeShape(24376): sculpt brush kernel selftest pass: freeze_copies_index_count
I/ForgeShape(24376): sculpt brush kernel selftest pass: freeze_copies_vertices_exactly
I/ForgeShape(24376): sculpt brush kernel selftest pass: freeze_copies_indices_exactly
I/ForgeShape(24376): sculpt brush kernel selftest pass: freeze_preserves_object_id
I/ForgeShape(24376): sculpt brush kernel selftest pass: freeze_object_id_is_the_construction_id
I/ForgeShape(24376): sculpt brush kernel selftest pass: sculpt_revision_starts_at_one
I/ForgeShape(24376): sculpt brush kernel selftest pass: freeze_leaves_primitive_kind
I/ForgeShape(24376): sculpt brush kernel selftest pass: freeze_leaves_primitive_parameters
I/ForgeShape(24376): sculpt brush kernel selftest pass: freeze_leaves_transform
I/ForgeShape(24376): sculpt brush kernel selftest pass: freeze_leaves_construction_mesh_regenerable
I/ForgeShape(24376): sculpt brush kernel selftest pass: sculpt_edit_visible_in_sculpt_mesh
I/ForgeShape(24376): sculpt brush kernel selftest pass: sculpt_edit_does_not_reach_construction_mesh
I/ForgeShape(24376): sculpt brush kernel selftest pass: sculpt_edit_does_not_reach_primitive_parameters
I/ForgeShape(24376): sculpt brush kernel selftest pass: sculpt_edit_alone_does_not_advance_revision
I/ForgeShape(24376): sculpt brush kernel selftest pass: advance_revision_is_monotonic
I/ForgeShape(24376): sculpt brush kernel selftest pass: sculpt_edit_preserves_vertex_count
I/ForgeShape(24376): sculpt brush kernel selftest pass: sculpt_edit_preserves_indices
I/ForgeShape(24376): sculpt brush kernel selftest pass: vertex_write_out_of_range_refused
I/ForgeShape(24376): sculpt brush kernel selftest pass: vertex_write_nonfinite_refused
I/ForgeShape(24376): sculpt brush kernel selftest pass: refused_write_left_mesh_finite
I/ForgeShape(24376): sculpt brush kernel selftest pass: freeze_refuses_empty_source
I/ForgeShape(24376): sculpt brush kernel selftest pass: refused_freeze_reports_reason
I/ForgeShape(24376): sculpt brush kernel selftest pass: refused_freeze_leaves_construction_mode
I/ForgeShape(24376): sculpt brush kernel selftest pass: refused_freeze_creates_no_mesh
I/ForgeShape(24376): sculpt brush kernel selftest pass: enter_construction_switches_mode
I/ForgeShape(24376): sculpt brush kernel selftest pass: enter_construction_keeps_sculpt_mesh
I/ForgeShape(24376): sculpt brush kernel selftest pass: enter_construction_keeps_sculpt_edits
I/ForgeShape(24376): sculpt brush kernel selftest pass: enter_construction_copies_nothing_into_construction
I/ForgeShape(24376): sculpt brush kernel selftest pass: return_to_sculpt_succeeds
I/ForgeShape(24376): sculpt brush kernel selftest pass: return_to_sculpt_does_not_refreeze
I/ForgeShape(24376): sculpt brush kernel selftest pass: return_to_sculpt_restores_prior_edits
I/ForgeShape(24376): sculpt brush kernel selftest pass: return_to_sculpt_keeps_revision
I/ForgeShape(24376): sculpt brush kernel selftest pass: source_not_stale_after_freeze
I/ForgeShape(24376): sculpt brush kernel selftest pass: construction_change_marks_source_stale
I/ForgeShape(24376): sculpt brush kernel selftest pass: stale_source_does_not_replace_sculpt_mesh
I/ForgeShape(24376): sculpt brush kernel selftest pass: stale_source_does_not_refreeze
I/ForgeShape(24376): sculpt brush kernel selftest pass: explicit_refreeze_clears_stale
I/ForgeShape(24376): sculpt brush kernel selftest pass: explicit_refreeze_restarts_sculpt_revision
I/ForgeShape(24376): sculpt brush kernel selftest pass: pln17_plane_source_is_open_4_6
I/ForgeShape(24376): sculpt brush kernel selftest pass: pln17_freeze_succeeds_on_open_plane_mesh
I/ForgeShape(24376): sculpt brush kernel selftest pass: pln17_freeze_enters_sculpt_mode
I/ForgeShape(24376): sculpt brush kernel selftest pass: pln17_frozen_mesh_is_still_exactly_4_6
I/ForgeShape(24376): sculpt brush kernel selftest pass: pln17_frozen_mesh_copies_plane_vertices_exactly
I/ForgeShape(24376): sculpt brush kernel selftest pass: pln17_frozen_mesh_copies_plane_indices_exactly
I/ForgeShape(24376): sculpt brush kernel selftest pass: pln17_freeze_preserves_object_id
I/ForgeShape(24376): sculpt brush kernel selftest pass: pln17_freeze_leaves_primitive_kind
I/ForgeShape(24376): sculpt brush kernel selftest pass: pln17_freeze_leaves_plane_parameters
I/ForgeShape(24376): sculpt brush kernel selftest pass: pln17_freeze_leaves_construction_mesh_regenerable
I/ForgeShape(24376): sculpt brush kernel selftest pass: pln17_direct_vertex_edit_visible_in_sculpt_mesh
I/ForgeShape(24376): sculpt brush kernel selftest pass: pln17_direct_vertex_edit_does_not_reach_construction_source
I/ForgeShape(24376): sculpt brush kernel selftest pass: pln18_back_to_construction_switches_mode
I/ForgeShape(24376): sculpt brush kernel selftest pass: pln18_back_to_construction_keeps_frozen_plane_mesh
I/ForgeShape(24376): sculpt brush kernel selftest pass: pln18_back_to_construction_keeps_the_edit
I/ForgeShape(24376): sculpt brush kernel selftest pass: pln18_resume_sculpt_succeeds
I/ForgeShape(24376): sculpt brush kernel selftest pass: pln18_resume_sculpt_does_not_refreeze
I/ForgeShape(24376): sculpt brush kernel selftest pass: pln18_resume_sculpt_restores_the_edit_down_to_the_pixel
I/ForgeShape(24376): sculpt brush kernel selftest pass: pln18_resume_sculpt_keeps_open_topology
I/ForgeShape(24376): sculpt brush kernel selftest pass: pln19_source_not_stale_after_freeze
I/ForgeShape(24376): sculpt brush kernel selftest pass: pln19_plane_edit_after_freeze_marks_source_stale
I/ForgeShape(24376): sculpt brush kernel selftest pass: pln19_stale_source_does_not_replace_frozen_plane_mesh
I/ForgeShape(24376): sculpt brush kernel selftest pass: pln19_stale_source_does_not_auto_refreeze
I/ForgeShape(24376): sculpt brush kernel selftest pass: pln19_explicit_refreeze_clears_stale_for_plane
I/ForgeShape(24376): sculpt brush kernel selftest pass: pln19_explicit_refreeze_restarts_sculpt_revision
I/ForgeShape(24376): sculpt brush kernel selftest pass: pln19_explicit_refreeze_reflects_the_new_plane_dimensions
I/ForgeShape(24376): sculpt brush kernel selftest pass: sculpt_publish_mints_a_mesh_revision
I/ForgeShape(24376): sculpt brush kernel selftest pass: sculpt_publish_keeps_object_id
I/ForgeShape(24376): sculpt brush kernel selftest pass: published_sculpt_topology_matches
I/ForgeShape(24376): sculpt brush kernel selftest pass: second_sculpt_publish_is_newer
I/ForgeShape(24376): sculpt brush kernel selftest pass: freeze_restarts_the_sculpt_revision
I/ForgeShape(24376): sculpt brush kernel selftest pass: mesh_store_revision_never_restarts
I/ForgeShape(24376): sculpt brush kernel selftest pass: publishing_an_unfrozen_sculpt_mesh_is_refused
I/ForgeShape(24376): sculpt brush kernel selftest pass: grab_starts_on_a_hit
I/ForgeShape(24376): sculpt brush kernel selftest pass: stroke_is_active_after_begin
I/ForgeShape(24376): sculpt brush kernel selftest pass: stroke_counted
I/ForgeShape(24376): sculpt brush kernel selftest pass: stroke_captured_vertices
I/ForgeShape(24376): sculpt brush kernel selftest pass: stroke_hit_depth_is_positive
I/ForgeShape(24376): sculpt brush kernel selftest pass: stroke_world_per_pixel_is_positive
I/ForgeShape(24376): sculpt brush kernel selftest pass: stroke_world_radius_is_positive
I/ForgeShape(24376): sculpt brush kernel selftest pass: stroke_local_radius_is_pixels_times_scale
I/ForgeShape(24376): sculpt brush kernel selftest pass: stroke_inactive_after_end
I/ForgeShape(24376): sculpt brush kernel selftest pass: grab_does_not_start_on_a_miss
I/ForgeShape(24376): sculpt brush kernel selftest pass: missed_grab_is_not_counted
I/ForgeShape(24376): sculpt brush kernel selftest pass: missed_grab_leaves_no_stroke
I/ForgeShape(24376): sculpt brush kernel selftest pass: grab_refused_in_construction_mode
I/ForgeShape(24376): sculpt brush kernel selftest pass: small_radius_captures_vertices
I/ForgeShape(24376): sculpt brush kernel selftest pass: larger_radius_captures_strictly_more
I/ForgeShape(24376): sculpt brush kernel selftest pass: larger_radius_is_a_larger_local_radius
I/ForgeShape(24376): sculpt brush kernel selftest pass: every_captured_vertex_is_inside_the_radius
I/ForgeShape(24376): sculpt brush kernel selftest pass: captured_weights_are_the_documented_falloff
I/ForgeShape(24376): sculpt brush kernel selftest pass: centre_weight_exceeds_edge_weight
I/ForgeShape(24376): sculpt brush kernel selftest pass: every_captured_weight_is_positive
I/ForgeShape(24376): sculpt brush kernel selftest pass: vertices_outside_the_radius_have_no_weight
I/ForgeShape(24376): sculpt brush kernel selftest pass: drag_leaves_vertices_outside_the_radius_untouched
I/ForgeShape(24376): sculpt brush kernel selftest pass: drag_left_no_nonfinite_position
I/ForgeShape(24376): sculpt brush kernel selftest pass: drag_preserves_indices
I/ForgeShape(24376): sculpt brush kernel selftest pass: drag_preserves_vertex_count
I/ForgeShape(24376): sculpt brush kernel selftest pass: drag_advanced_the_sculpt_revision
I/ForgeShape(24376): sculpt brush kernel selftest pass: drag_left_construction_source_unchanged
I/ForgeShape(24376): sculpt brush kernel selftest pass: drag_left_construction_parameters_unchanged
I/ForgeShape(24376): sculpt brush kernel selftest pass: stroke_moved_something
I/ForgeShape(24376): sculpt brush kernel selftest pass: displacement_follows_the_camera_plane
I/ForgeShape(24376): sculpt brush kernel selftest pass: dragging_right_moves_along_camera_right
I/ForgeShape(24376): sculpt brush kernel selftest pass: dragging_down_moves_against_camera_up
I/ForgeShape(24376): sculpt brush kernel selftest pass: each_vertex_moved_by_displacement_times_its_weight
I/ForgeShape(24376): sculpt brush kernel selftest pass: affected_set_is_fixed_for_the_whole_stroke
I/ForgeShape(24376): sculpt brush kernel selftest pass: long_drag_left_no_nonfinite_position
I/ForgeShape(24376): sculpt brush kernel selftest pass: half_strength_halves_the_displacement
I/ForgeShape(24376): sculpt brush kernel selftest pass: strength_does_not_change_the_affected_set
I/ForgeShape(24376): sculpt brush kernel selftest pass: strength_is_clamped_into_the_documented_range
I/ForgeShape(24376): sculpt brush kernel selftest pass: grab_starts_on_a_transformed_object
I/ForgeShape(24376): sculpt brush kernel selftest pass: displacement_is_converted_into_local_space
I/ForgeShape(24376): sculpt brush kernel selftest pass: local_displacement_keeps_its_length
I/ForgeShape(24376): sculpt brush kernel selftest pass: local_displacement_differs_from_the_world_one_under_rotation
I/ForgeShape(24376): sculpt brush kernel selftest pass: transformed_stroke_left_no_nonfinite_position
I/ForgeShape(24376): sculpt brush kernel selftest pass: transformed_stroke_left_construction_source_unchanged
I/ForgeShape(24376): sculpt brush kernel selftest pass: transformed_stroke_left_transform_unchanged
I/ForgeShape(24376): sculpt brush kernel selftest pass: the_stroke_actually_moved_that_vertex
I/ForgeShape(24376): sculpt brush kernel selftest pass: cancel_clears_the_stroke
I/ForgeShape(24376): sculpt brush kernel selftest pass: cancel_releases_the_captured_set
I/ForgeShape(24376): sculpt brush kernel selftest pass: cancel_clears_the_last_displacement
I/ForgeShape(24376): sculpt brush kernel selftest pass: update_after_cancel_does_nothing
I/ForgeShape(24376): sculpt brush kernel selftest pass: update_after_cancel_publishes_no_revision
I/ForgeShape(24376): sculpt brush kernel selftest pass: cancel_keeps_what_the_stroke_already_did
I/ForgeShape(24376): sculpt brush kernel selftest pass: cancel_left_no_nonfinite_position
I/ForgeShape(24376): sculpt brush kernel selftest pass: a_new_stroke_starts_after_a_cancel
I/ForgeShape(24376): sculpt brush kernel selftest pass: update_after_end_does_nothing
I/ForgeShape(24376): sculpt brush kernel selftest pass: switching_to_construction_clears_a_live_stroke
I/ForgeShape(24376): sculpt brush kernel selftest pass: switching_to_construction_keeps_the_sculpt_mesh
I/ForgeShape(24376): sculpt brush kernel selftest pass: no_construction_source_damage_after_all_strokes
I/ForgeShape(24376): sculpt brush kernel selftest pass: tool_count_is_four
I/ForgeShape(24376): sculpt brush kernel selftest pass: tool_index_0_is_grab
I/ForgeShape(24376): sculpt brush kernel selftest pass: tool_index_1_is_clay
I/ForgeShape(24376): sculpt brush kernel selftest pass: tool_index_2_is_smooth
I/ForgeShape(24376): sculpt brush kernel selftest pass: tool_index_3_is_inflate
I/ForgeShape(24376): sculpt brush kernel selftest pass: tool_index_negative_is_refused
I/ForgeShape(24376): sculpt brush kernel selftest pass: tool_index_past_end_is_refused
I/ForgeShape(24376): sculpt brush kernel selftest pass: tool_index_round_trips
I/ForgeShape(24376): sculpt brush kernel selftest pass: only_clay_and_inflate_use_normals
I/ForgeShape(24376): sculpt brush kernel selftest pass: default_tool_is_grab
I/ForgeShape(24376): sculpt brush kernel selftest pass: tool_is_native_state
I/ForgeShape(24376): sculpt brush kernel selftest pass: adjacency_is_built_by_freeze
I/ForgeShape(24376): sculpt brush kernel selftest pass: adjacency_covers_every_vertex
I/ForgeShape(24376): sculpt brush kernel selftest pass: adjacency_built_exactly_once_per_freeze
I/ForgeShape(24376): sculpt brush kernel selftest pass: no_neighbor_index_is_out_of_range
I/ForgeShape(24376): sculpt brush kernel selftest pass: no_vertex_is_its_own_neighbor
I/ForgeShape(24376): sculpt brush kernel selftest pass: neighbor_lists_are_sorted_and_deduplicated
I/ForgeShape(24376): sculpt brush kernel selftest pass: every_sphere_vertex_has_neighbors
I/ForgeShape(24376): sculpt brush kernel selftest pass: adjacency_is_symmetric
I/ForgeShape(24376): sculpt brush kernel selftest pass: every_index_buffer_edge_is_in_the_adjacency
I/ForgeShape(24376): sculpt brush kernel selftest pass: north_pole_has_one_ring_of_32
I/ForgeShape(24376): sculpt brush kernel selftest pass: south_pole_has_one_ring_of_32
I/ForgeShape(24376): sculpt brush kernel selftest pass: north_pole_has_32_incident_triangles
I/ForgeShape(24376): sculpt brush kernel selftest pass: south_pole_has_32_incident_triangles
I/ForgeShape(24376): sculpt brush kernel selftest pass: incident_triangles_account_for_every_corner
I/ForgeShape(24376): sculpt brush kernel selftest pass: no_incident_triangle_is_out_of_range
I/ForgeShape(24376): sculpt brush kernel selftest pass: neighbors_of_an_out_of_range_vertex_is_null
I/ForgeShape(24376): sculpt brush kernel selftest pass: incident_triangles_of_an_out_of_range_vertex_is_null
I/ForgeShape(24376): sculpt brush kernel selftest pass: adjacency_is_not_rebuilt_by_a_stroke
I/ForgeShape(24376): sculpt brush kernel selftest pass: adjacency_survives_a_stroke_intact
I/ForgeShape(24376): sculpt brush kernel selftest pass: a_second_freeze_rebuilds_the_adjacency
I/ForgeShape(24376): sculpt brush kernel selftest pass: one_normal_per_vertex
I/ForgeShape(24376): sculpt brush kernel selftest pass: every_normal_is_finite
I/ForgeShape(24376): sculpt brush kernel selftest pass: every_sphere_normal_is_unit_length
I/ForgeShape(24376): sculpt brush kernel selftest pass: every_sphere_normal_points_radially_outward
I/ForgeShape(24376): sculpt brush kernel selftest pass: normals_are_not_recomputed_when_nothing_moved
I/ForgeShape(24376): sculpt brush kernel selftest pass: a_batch_of_writes_costs_exactly_one_recompute
I/ForgeShape(24376): sculpt brush kernel selftest pass: a_zero_area_triangle_yields_a_finite_zero_normal
I/ForgeShape(24376): sculpt brush kernel selftest pass: an_unreferenced_vertex_gets_a_zero_normal
I/ForgeShape(24376): sculpt brush kernel selftest pass: a_real_triangle_still_produces_a_unit_normal
I/ForgeShape(24376): sculpt brush kernel selftest pass: an_out_of_range_index_cannot_poison_normals
I/ForgeShape(24376): sculpt brush kernel selftest pass: every_tool_starts_a_stroke_on_a_hit
I/ForgeShape(24376): sculpt brush kernel selftest pass: every_tool_starts_no_stroke_on_a_miss
I/ForgeShape(24376): sculpt brush kernel selftest pass: no_tool_can_stroke_outside_sculpt_mode
I/ForgeShape(24376): sculpt brush kernel selftest pass: a_stroke_holds_the_tool_it_began_with
I/ForgeShape(24376): sculpt brush kernel selftest pass: every_tool_keeps_a_stable_affected_set
I/ForgeShape(24376): sculpt brush kernel selftest pass: every_tool_uses_the_shared_falloff
I/ForgeShape(24376): sculpt brush kernel selftest pass: every_tool_ends_and_leaves_no_stale_stroke
I/ForgeShape(24376): sculpt brush kernel selftest pass: every_tool_stays_finite_and_preserves_topology
I/ForgeShape(24376): sculpt brush kernel selftest pass: no_tool_touches_the_construction_source
I/ForgeShape(24376): sculpt brush kernel selftest pass: the_session_tool_changed
I/ForgeShape(24376): sculpt brush kernel selftest pass: the_live_stroke_kept_its_own_tool
I/ForgeShape(24376): sculpt brush kernel selftest pass: the_next_stroke_uses_the_new_tool
I/ForgeShape(24376): sculpt brush kernel selftest pass: the_probe_reports_a_hit_on_the_mesh
I/ForgeShape(24376): sculpt brush kernel selftest pass: the_probe_reports_a_miss_off_the_mesh
I/ForgeShape(24376): sculpt brush kernel selftest pass: the_probe_moves_no_vertex
I/ForgeShape(24376): sculpt brush kernel selftest pass: the_probe_mints_no_sculpt_revision
I/ForgeShape(24376): sculpt brush kernel selftest pass: the_probe_starts_no_stroke
I/ForgeShape(24376): sculpt brush kernel selftest pass: the_probe_advances_no_stroke_count
I/ForgeShape(24376): sculpt brush kernel selftest pass: the_probe_reports_a_miss_in_construction_mode
I/ForgeShape(24376): sculpt brush kernel selftest pass: the_probe_reports_a_miss_with_nothing_frozen
I/ForgeShape(24376): sculpt brush kernel selftest pass: clay_captured_a_meaningful_set
I/ForgeShape(24376): sculpt brush kernel selftest pass: clay_captured_a_real_weight_spread
I/ForgeShape(24376): sculpt brush kernel selftest pass: clay_captured_a_unit_base_normal
I/ForgeShape(24376): sculpt brush kernel selftest pass: clay_applied_every_move_with_travel
I/ForgeShape(24376): sculpt brush kernel selftest pass: clay_moved_the_centre
I/ForgeShape(24376): sculpt brush kernel selftest pass: clay_moves_the_centre_more_than_the_edge
I/ForgeShape(24376): sculpt brush kernel selftest pass: clay_deposits_along_the_positive_normal
I/ForgeShape(24376): sculpt brush kernel selftest pass: every_clay_displacement_is_parallel_to_its_base_normal
I/ForgeShape(24376): sculpt brush kernel selftest pass: every_clay_displacement_is_outward
I/ForgeShape(24376): sculpt brush kernel selftest pass: repeated_clay_builds_further_outward
I/ForgeShape(24376): sculpt brush kernel selftest pass: clay_is_bounded_and_finite
I/ForgeShape(24376): sculpt brush kernel selftest pass: clay_depends_on_path_length_not_event_count
I/ForgeShape(24376): sculpt brush kernel selftest pass: clay_deposits_nothing_without_travel
I/ForgeShape(24376): sculpt brush kernel selftest pass: clay_moved_nothing_outside_the_brush
I/ForgeShape(24376): sculpt brush kernel selftest pass: clay_left_the_construction_source_untouched
I/ForgeShape(24376): sculpt brush kernel selftest pass: clay_changed_no_index
I/ForgeShape(24376): sculpt brush kernel selftest pass: clay_changed_no_vertex_count
I/ForgeShape(24376): sculpt brush kernel selftest pass: the_spike_vertex_has_a_neighbour_mean
I/ForgeShape(24376): sculpt brush kernel selftest pass: the_spike_really_deviates
I/ForgeShape(24376): sculpt brush kernel selftest pass: the_smooth_brush_captured_the_spike
I/ForgeShape(24376): sculpt brush kernel selftest pass: an_uncaptured_vertex_exists
I/ForgeShape(24376): sculpt brush kernel selftest pass: smooth_reduces_the_deviation_from_the_neighbour_mean
I/ForgeShape(24376): sculpt brush kernel selftest pass: smooth_moves_the_spike_toward_its_neighbour_mean
I/ForgeShape(24376): sculpt brush kernel selftest pass: smooth_never_overshoots_the_mean
I/ForgeShape(24376): sculpt brush kernel selftest pass: repeated_smoothing_reduces_it_further
I/ForgeShape(24376): sculpt brush kernel selftest pass: smooth_is_bounded_and_finite
I/ForgeShape(24376): sculpt brush kernel selftest pass: smooth_modified_nothing_outside_its_affected_set
I/ForgeShape(24376): sculpt brush kernel selftest pass: smooth_relaxes_nothing_without_travel
I/ForgeShape(24376): sculpt brush kernel selftest pass: smooth_left_the_construction_source_untouched
I/ForgeShape(24376): sculpt brush kernel selftest pass: smooth_changed_no_index
I/ForgeShape(24376): sculpt brush kernel selftest pass: inflate_moved_the_centre
I/ForgeShape(24376): sculpt brush kernel selftest pass: inflate_moves_the_centre_more_than_the_edge
I/ForgeShape(24376): sculpt brush kernel selftest pass: inflate_expands_outward_along_the_normal
I/ForgeShape(24376): sculpt brush kernel selftest pass: every_inflated_vertex_moved_outward
I/ForgeShape(24376): sculpt brush kernel selftest pass: inflate_is_finite_after_repeated_application
I/ForgeShape(24376): sculpt brush kernel selftest pass: inflate_stays_finite_under_heavy_repetition
I/ForgeShape(24376): sculpt brush kernel selftest pass: inflate_changed_no_index
I/ForgeShape(24376): sculpt brush kernel selftest pass: inflate_left_the_construction_source_untouched
I/ForgeShape(24376): sculpt brush kernel selftest pass: clay_and_inflate_capture_the_same_set
I/ForgeShape(24376): sculpt brush kernel selftest pass: clay_and_inflate_produce_different_geometry
I/ForgeShape(24376): sculpt brush kernel selftest pass: clay_never_leaves_its_base_normal_axis
I/ForgeShape(24376): sculpt brush kernel selftest pass: inflate_leaves_its_base_normal_axis
I/ForgeShape(24376): sculpt brush kernel selftest pass: both_stay_finite
I/ForgeShape(24376): sculpt brush kernel selftest pass: radius_widens_the_affected_set_for_every_non_grab_tool
I/ForgeShape(24376): sculpt brush kernel selftest pass: strength_scales_the_deformation_for_every_non_grab_tool
I/ForgeShape(24376): sculpt brush kernel selftest pass: camproj11_stroke_begins_in_both_projections
I/ForgeShape(24376): sculpt brush kernel selftest pass: camproj11_ortho_captures_vertices
I/ForgeShape(24376): sculpt brush kernel selftest pass: camproj11_ortho_hit_is_on_the_sphere_surface
I/ForgeShape(24376): sculpt brush kernel selftest pass: camproj11_both_projections_hit_the_same_point
I/ForgeShape(24376): sculpt brush kernel selftest pass: camproj11_ortho_world_per_pixel_is_the_span_over_the_viewport
I/ForgeShape(24376): sculpt brush kernel selftest pass: camproj11_ortho_radius_follows_that_scale
I/ForgeShape(24376): sculpt brush kernel selftest pass: camproj11_ortho_radius_finite_and_positive
I/ForgeShape(24376): sculpt brush kernel selftest pass: camproj11_ortho_brush_radius_is_depth_independent
I/ForgeShape(24376): sculpt brush kernel selftest pass: camproj11_perspective_brush_radius_does_depend_on_depth
I/ForgeShape(24376): sculpt brush kernel selftest pass: camproj11_ortho_grab_applies_every_move
I/ForgeShape(24376): sculpt brush kernel selftest pass: camproj11_ortho_grab_actually_moved_a_vertex
I/ForgeShape(24376): sculpt brush kernel selftest pass: camproj11_ortho_grab_direction_matches_the_camera_plane
I/ForgeShape(24376): sculpt brush kernel selftest pass: camproj11_ortho_grab_vertex_follows_that_axis_within_its_weight
I/ForgeShape(24376): sculpt brush kernel selftest pass: camproj11_ortho_grab_keeps_topology_fixed
I/ForgeShape(24376): sculpt brush kernel selftest pass: camproj11_ortho_grab_produces_no_nan
I/ForgeShape(24376): sculpt brush kernel selftest pass: camproj11_ortho_grab_minted_revisions
I/ForgeShape(24376): sculpt brush kernel selftest pass: camproj11_ortho_grab_leaves_construction_source_untouched
I/ForgeShape(24376): sculpt brush kernel selftest pass: camproj11_ortho_miss_starts_no_stroke
I/ForgeShape(24376): sculpt brush kernel selftest pass: side01_construction_plane_is_two_sided
I/ForgeShape(24376): sculpt brush kernel selftest pass: side01_construction_solid_is_single_sided
I/ForgeShape(24376): sculpt brush kernel selftest pass: side02_freeze_plane_succeeds
I/ForgeShape(24376): sculpt brush kernel selftest pass: side02_frozen_plane_is_two_sided
I/ForgeShape(24376): sculpt brush kernel selftest pass: side06_freeze_solid_succeeds
I/ForgeShape(24376): sculpt brush kernel selftest pass: side06_frozen_solid_is_single_sided
I/ForgeShape(24376): sculpt brush kernel selftest pass: side03_frozen_plane_publishes
I/ForgeShape(24376): sculpt brush kernel selftest pass: side03_frozen_plane_publication_is_two_sided
I/ForgeShape(24376): sculpt brush kernel selftest pass: side03_frozen_plane_source_topology_is_still_4_6
I/ForgeShape(24376): sculpt brush kernel selftest pass: side03_frozen_plane_render_representation_is_doubled
I/ForgeShape(24376): sculpt brush kernel selftest pass: side06_frozen_solid_publishes
I/ForgeShape(24376): sculpt brush kernel selftest pass: side06_frozen_solid_publication_is_single_sided
I/ForgeShape(24376): sculpt brush kernel selftest pass: side06_frozen_solid_render_representation_is_not_doubled
I/ForgeShape(24376): sculpt brush kernel selftest pass: side04_frozen_plane_pick_hits_from_front
I/ForgeShape(24376): sculpt brush kernel selftest pass: side04_frozen_plane_pick_hits_from_back
I/ForgeShape(24376): sculpt brush kernel selftest pass: side04_back_ray_would_miss_under_the_front_face_rule
I/ForgeShape(24376): sculpt brush kernel selftest pass: side05_frozen_plane_sculpt_hits_from_front
I/ForgeShape(24376): sculpt brush kernel selftest pass: side05_frozen_plane_sculpt_hits_from_back
I/ForgeShape(24376): sculpt brush kernel selftest pass: side06_solid_sculpt_refuses_a_stroke_from_inside
I/ForgeShape(24376): sculpt brush kernel selftest pass: side06_inside_refusal_is_culling_not_an_empty_scene
I/ForgeShape(24376): sculpt brush kernel selftest pass: side07_stale_frozen_solid_is_still_hit_from_outside
I/ForgeShape(24376): sculpt brush kernel selftest pass: side07_stale_frozen_solid_does_not_inherit_plane_two_sidedness
I/ForgeShape(24376): sculpt brush kernel selftest pass: side08_frozen_plane_still_picks_from_behind_under_a_solid_source
I/ForgeShape(24376): sculpt brush kernel selftest pass: side08_frozen_plane_still_picks_from_the_front
I/ForgeShape(24376): sculpt brush kernel selftest pass: side09_shading_change_does_not_alter_sidedness
I/ForgeShape(24376): sculpt brush kernel selftest pass: side09_projection_change_does_not_alter_sidedness
I/ForgeShape(24376): sculpt brush kernel selftest pass: pressure_profiles_actually_differ
I/ForgeShape(24376): sculpt brush kernel selftest pass: pressure_profiles_trace_the_same_pixels
I/ForgeShape(24376): sculpt brush kernel selftest pass: grab_result_is_pressure_independent
I/ForgeShape(24376): sculpt brush kernel selftest pass: grab_revision_is_pressure_independent
I/ForgeShape(24376): sculpt brush kernel selftest pass: grab_affected_set_is_pressure_independent
I/ForgeShape(24376): sculpt brush kernel selftest pass: clay_result_is_pressure_independent
I/ForgeShape(24376): sculpt brush kernel selftest pass: clay_revision_is_pressure_independent
I/ForgeShape(24376): sculpt brush kernel selftest pass: clay_affected_set_is_pressure_independent
I/ForgeShape(24376): sculpt brush kernel selftest pass: smooth_result_is_pressure_independent
I/ForgeShape(24376): sculpt brush kernel selftest pass: smooth_revision_is_pressure_independent
I/ForgeShape(24376): sculpt brush kernel selftest pass: smooth_affected_set_is_pressure_independent
I/ForgeShape(24376): sculpt brush kernel selftest pass: inflate_result_is_pressure_independent
I/ForgeShape(24376): sculpt brush kernel selftest pass: inflate_revision_is_pressure_independent
I/ForgeShape(24376): sculpt brush kernel selftest pass: inflate_affected_set_is_pressure_independent
I/ForgeShape(24376): sculpt brush kernel selftest pass: s020r3_01_identity_metric_is_the_local_length
I/ForgeShape(24376): sculpt brush kernel selftest pass: s020r3_01_uniform_scale_multiplies_the_length
I/ForgeShape(24376): sculpt brush kernel selftest pass: s020r3_01_stretched_axis_measures_three
I/ForgeShape(24376): sculpt brush kernel selftest pass: s020r3_01_unstretched_axes_measure_one
I/ForgeShape(24376): sculpt brush kernel selftest pass: s020r3_01_nonuniform_metric_is_the_scaled_length
I/ForgeShape(24376): sculpt brush kernel selftest pass: s020r3_01_translation_does_not_change_the_metric
I/ForgeShape(24376): sculpt brush kernel selftest pass: s020r3_01_local_length_is_not_the_displayed_one
I/ForgeShape(24376): sculpt brush kernel selftest pass: s020r3_02_rim_is_a_world_sphere_at_3_1_1
I/ForgeShape(24376): sculpt brush kernel selftest pass: s020r3_02_affected_set_is_the_world_ball_at_3_1_1
I/ForgeShape(24376): sculpt brush kernel selftest pass: s020r3_02_weights_follow_the_world_distance_at_3_1_1
I/ForgeShape(24376): sculpt brush kernel selftest pass: s020r3_02_local_metric_would_have_differed_at_3_1_1
I/ForgeShape(24376): sculpt brush kernel selftest pass: s020r3_02_rim_is_a_world_sphere_at_0.5_2.5_1.5
I/ForgeShape(24376): sculpt brush kernel selftest pass: s020r3_02_affected_set_is_the_world_ball_at_0.5_2.5_1.5
I/ForgeShape(24376): sculpt brush kernel selftest pass: s020r3_02_weights_follow_the_world_distance_at_0.5_2.5_1.5
I/ForgeShape(24376): sculpt brush kernel selftest pass: s020r3_02_local_metric_would_have_differed_at_0.5_2.5_1.5
I/ForgeShape(24376): sculpt brush kernel selftest pass: s020r3_03_rotation_is_length_preserving_in_the_metric
I/ForgeShape(24376): sculpt brush kernel selftest pass: s020r3_03_mixed_rotation_and_scale_still_selects_the_world_ball
I/ForgeShape(24376): sculpt brush kernel selftest pass: s020r3_04_a_stroke_starts_on_a_scaled_body
I/ForgeShape(24376): sculpt brush kernel selftest pass: s020r3_04_world_per_pixel_is_unchanged_by_body_scale
I/ForgeShape(24376): sculpt brush kernel selftest pass: s020r3_04_displayed_brush_radius_is_unchanged_by_body_scale
I/ForgeShape(24376): sculpt brush kernel selftest pass: s020r3_04_radius_still_follows_the_authored_pixels
I/ForgeShape(24376): sculpt brush kernel selftest pass: s020r3_05_grab_affected_set_is_scale_correct
I/ForgeShape(24376): sculpt brush kernel selftest pass: s020r3_05_grab_weights_follow_the_world_distance
I/ForgeShape(24376): sculpt brush kernel selftest pass: s020r3_05_grab_still_deforms_a_scaled_body
I/ForgeShape(24376): sculpt brush kernel selftest pass: s020r3_06_clay_affected_set_is_scale_correct
I/ForgeShape(24376): sculpt brush kernel selftest pass: s020r3_06_clay_weights_follow_the_world_distance
I/ForgeShape(24376): sculpt brush kernel selftest pass: s020r3_06_clay_still_deforms_a_scaled_body
I/ForgeShape(24376): sculpt brush kernel selftest pass: s020r3_07_smooth_affected_set_is_scale_correct
I/ForgeShape(24376): sculpt brush kernel selftest pass: s020r3_07_smooth_weights_follow_the_world_distance
I/ForgeShape(24376): sculpt brush kernel selftest pass: s020r3_07_smooth_still_deforms_a_scaled_body
I/ForgeShape(24376): sculpt brush kernel selftest pass: s020r3_08_inflate_affected_set_is_scale_correct
I/ForgeShape(24376): sculpt brush kernel selftest pass: s020r3_08_inflate_weights_follow_the_world_distance
I/ForgeShape(24376): sculpt brush kernel selftest pass: s020r3_08_inflate_still_deforms_a_scaled_body
I/ForgeShape(24376): sculpt brush kernel selftest pass: s020r3_05_grab_world_displacement_is_the_pointer_delta
I/ForgeShape(24376): sculpt brush kernel selftest pass: s020r3_06_clay_world_step_has_the_amount_as_its_length
I/ForgeShape(24376): sculpt brush kernel selftest pass: s020r3_06_clay_steps_along_the_displayed_normal
I/ForgeShape(24376): sculpt brush kernel selftest pass: s020r3_08_inflate_world_step_has_the_amount_as_its_length
I/ForgeShape(24376): sculpt brush kernel selftest pass: s020r3_08_inflate_steps_along_the_displayed_normal
I/ForgeShape(24376): sculpt brush kernel selftest pass: s020r3_09_freeze_succeeds_on_a_scaled_body
I/ForgeShape(24376): sculpt brush kernel selftest pass: s020r3_09_placement_is_bit_identical_after_start_sculpting
I/ForgeShape(24376): sculpt brush kernel selftest pass: s020r3_09_scale_is_still_non_uniform
I/ForgeShape(24376): sculpt brush kernel selftest pass: s020r3_09_no_scale_is_baked_into_the_sculpt_mesh
I/ForgeShape(24376): sculpt brush kernel selftest pass: s020r3_09_construction_source_is_untouched
I/ForgeShape(24376): sculpt brush kernel selftest pass: s020r3_10_a_stroke_ran_on_the_scaled_body
I/ForgeShape(24376): sculpt brush kernel selftest pass: s020r3_10_back_to_construction_then_resume
I/ForgeShape(24376): sculpt brush kernel selftest pass: s020r3_10_resume_does_not_refreeze
I/ForgeShape(24376): sculpt brush kernel selftest pass: s020r3_10_sculpt_mesh_survives_bit_exactly
I/ForgeShape(24376): sculpt brush kernel selftest pass: s020r3_10_object_id_survives
I/ForgeShape(24376): sculpt brush kernel selftest pass: s020r3_10_non_uniform_scale_survives_the_round_trip
I/ForgeShape(24376): sculpt brush kernel selftest pass: s020r3_11_the_stroke_actually_ran
I/ForgeShape(24376): sculpt brush kernel selftest pass: s020r3_11_no_edit_is_left_open
I/ForgeShape(24376): sculpt brush kernel selftest pass: s020r3_11_undo_depth_is_unchanged
I/ForgeShape(24376): sculpt brush kernel selftest pass: s020r3_11_redo_depth_is_unchanged
I/ForgeShape(24376): sculpt brush kernel selftest pass: s020r3_11_the_one_construction_act_is_still_there
I/ForgeShape(24376): sculpt brush kernel selftest pass: s020r3_12_grab_unscaled_set_is_the_plain_local_ball
I/ForgeShape(24376): sculpt brush kernel selftest pass: s020r3_12_grab_unscaled_stroke_still_deforms
I/ForgeShape(24376): sculpt brush kernel selftest pass: s020r3_12_clay_unscaled_set_is_the_plain_local_ball
I/ForgeShape(24376): sculpt brush kernel selftest pass: s020r3_12_clay_unscaled_stroke_still_deforms
I/ForgeShape(24376): sculpt brush kernel selftest pass: s020r3_12_smooth_unscaled_set_is_the_plain_local_ball
I/ForgeShape(24376): sculpt brush kernel selftest pass: s020r3_12_smooth_unscaled_stroke_still_deforms
I/ForgeShape(24376): sculpt brush kernel selftest pass: s020r3_12_inflate_unscaled_set_is_the_plain_local_ball
I/ForgeShape(24376): sculpt brush kernel selftest pass: s020r3_12_inflate_unscaled_stroke_still_deforms
I/ForgeShape(24376): sculpt brush kernel selftest pass: IMP01B_01_an_imported_body_exists_for_the_seed_case
I/ForgeShape(24376): sculpt brush kernel selftest pass: IMP01B_10_an_imported_body_has_no_construction_source
I/ForgeShape(24376): sculpt brush kernel selftest pass: IMP01B_02_a_sculpt_source_is_built_from_an_imported_body
I/ForgeShape(24376): sculpt brush kernel selftest pass: IMP01B_02_the_seed_carries_the_imported_positions_bit_for_bit
I/ForgeShape(24376): sculpt brush kernel selftest pass: IMP01B_02_and_the_imported_topology_exactly
I/ForgeShape(24376): sculpt brush kernel selftest pass: IMP01B_02_the_seed_is_not_the_doubled_draw_index_buffer
I/ForgeShape(24376): sculpt brush kernel selftest pass: IMP01B_02_any_double_sided_submesh_makes_the_seed_two_sided
I/ForgeShape(24376): sculpt brush kernel selftest pass: IMP01B_01_an_imported_body_can_be_frozen
I/ForgeShape(24376): sculpt brush kernel selftest pass: IMP01B_02_the_frozen_mesh_keeps_the_imported_counts
I/ForgeShape(24376): sculpt brush kernel selftest pass: IMP01B_02_and_the_body_identity
I/ForgeShape(24376): sculpt brush kernel selftest pass: IMP01B_02_the_frozen_normals_are_real_directions
I/ForgeShape(24376): sculpt brush kernel selftest pass: IMP01B_03_freezing_does_not_touch_the_authored_transform
I/ForgeShape(24376): sculpt brush kernel selftest pass: IMP01B_03_the_first_sculpt_frame_is_the_same_world_geometry
I/ForgeShape(24376): sculpt brush kernel selftest pass: IMP01B_04_a_stroke_starts_on_the_imported_derived_sculpt_mesh
I/ForgeShape(24376): sculpt brush kernel selftest pass: IMP01B_04_a_real_stroke_moves_sculpt_truth
I/ForgeShape(24376): sculpt brush kernel selftest pass: IMP01B_05_the_imported_positions_are_unchanged
I/ForgeShape(24376): sculpt brush kernel selftest pass: IMP01B_05_the_imported_normals_are_unchanged
I/ForgeShape(24376): sculpt brush kernel selftest pass: IMP01B_05_the_imported_topology_is_unchanged
I/ForgeShape(24376): sculpt brush kernel selftest pass: IMP01B_05_the_imported_submesh_batches_are_unchanged
I/ForgeShape(24376): sculpt brush kernel selftest pass: IMP01B_05_and_the_authored_transform_is_unchanged
I/ForgeShape(24376): sculpt brush kernel selftest pass: IMP01B_10_and_no_construction_source_was_invented
I/ForgeShape(24376): sculpt brush kernel selftest pass: IMP01B_07_leaving_sculpt_keeps_the_frozen_mesh
I/ForgeShape(24376): sculpt brush kernel selftest pass: IMP01B_07_and_the_imported_source_republishes
I/ForgeShape(24376): sculpt brush kernel selftest pass: IMP01B_07_showing_the_imported_geometry_again
I/ForgeShape(24376): sculpt brush kernel selftest pass: IMP01B_08_resume_returns_to_the_retained_mesh
I/ForgeShape(24376): sculpt brush kernel selftest pass: IMP01B_08_with_the_same_revision_and_the_same_vertex
I/ForgeShape(24376): sculpt brush kernel selftest pass: IMP01B_09_the_retained_mesh_reports_edits_to_the_reset_guard
I/ForgeShape(24376): sculpt brush kernel selftest pass: IMP01B_09_a_reset_from_the_imported_source_succeeds
I/ForgeShape(24376): sculpt brush kernel selftest pass: IMP01B_09_and_the_rebuilt_mesh_reports_no_edits_and_the_source_positions
I/ForgeShape(24376): sculpt brush kernel selftest pass: IMP01B_09_an_imported_source_is_never_stale
I/ForgeShape(24376): sculpt brush kernel selftest pass: IMP01B_02_a_sculpt_source_is_built_from_a_construction_body
I/ForgeShape(24376): sculpt brush kernel selftest pass: IMP01B_02_and_it_is_exactly_what_the_generator_produces
I/ForgeShape(24376): sculpt brush kernel selftest pass: SCUNDO_01_a_fresh_freeze_starts_with_an_empty_history
I/ForgeShape(24376): sculpt brush kernel selftest pass: SCUNDO_11_and_reports_no_edits
I/ForgeShape(24376): sculpt brush kernel selftest pass: SCUNDO_01_a_real_stroke_moves_geometry
I/ForgeShape(24376): sculpt brush kernel selftest pass: SCUNDO_01_one_completed_stroke_is_one_entry
I/ForgeShape(24376): sculpt brush kernel selftest pass: SCUNDO_03_and_four_moves_did_not_make_four_entries
I/ForgeShape(24376): sculpt brush kernel selftest pass: SCUNDO_13_the_revision_advanced_more_than_once_inside_the_stroke
I/ForgeShape(24376): sculpt brush kernel selftest pass: SCUNDO_11_and_the_stroke_marked_the_mesh_edited
I/ForgeShape(24376): sculpt brush kernel selftest pass: SCUNDO_01_undo_is_now_available_and_redo_is_not
I/ForgeShape(24376): sculpt brush kernel selftest pass: SCUNDO_04_a_stroke_that_moved_nothing_records_no_entry
I/ForgeShape(24376): sculpt brush kernel selftest pass: SCUNDO_04_and_a_cancel_with_no_movement_records_nothing_either
I/ForgeShape(24376): sculpt brush kernel selftest pass: SCUNDO_05_undo_reports_ok
I/ForgeShape(24376): sculpt brush kernel selftest pass: SCUNDO_05_and_restores_the_exact_pre_stroke_positions
I/ForgeShape(24376): sculpt brush kernel selftest pass: SCUNDO_11_a_fresh_first_stroke_undone_reports_no_edits
I/ForgeShape(24376): sculpt brush kernel selftest pass: SCUNDO_13_and_the_revision_still_went_forwards
I/ForgeShape(24376): sculpt brush kernel selftest pass: SCUNDO_05_the_entry_moved_to_the_redo_stack
I/ForgeShape(24376): sculpt brush kernel selftest pass: SCUNDO_05_a_second_undo_at_the_oldest_state_is_refused_cleanly
I/ForgeShape(24376): sculpt brush kernel selftest pass: SCUNDO_06_redo_reports_ok
I/ForgeShape(24376): sculpt brush kernel selftest pass: SCUNDO_06_and_restores_the_exact_post_stroke_positions
I/ForgeShape(24376): sculpt brush kernel selftest pass: SCUNDO_06_with_the_edited_flag_back
I/ForgeShape(24376): sculpt brush kernel selftest pass: SCUNDO_13_and_the_revision_forwards_again
I/ForgeShape(24376): sculpt brush kernel selftest pass: SCUNDO_06_a_second_redo_is_refused_cleanly
I/ForgeShape(24376): sculpt brush kernel selftest pass: SCUNDO_07_a_second_stroke_lands
I/ForgeShape(24376): sculpt brush kernel selftest pass: SCUNDO_07_two_strokes_are_two_entries
I/ForgeShape(24376): sculpt brush kernel selftest pass: SCUNDO_07_undoing_B_lands_on_the_state_after_A
I/ForgeShape(24376): sculpt brush kernel selftest pass: SCUNDO_07_undoing_A_lands_on_the_seed
I/ForgeShape(24376): sculpt brush kernel selftest pass: SCUNDO_07_redoing_A_lands_on_the_state_after_A
I/ForgeShape(24376): sculpt brush kernel selftest pass: SCUNDO_07_redoing_B_lands_on_the_state_after_B
I/ForgeShape(24376): sculpt brush kernel selftest pass: SCUNDO_08_precondition_a_redo_exists
I/ForgeShape(24376): sculpt brush kernel selftest pass: SCUNDO_08_a_new_stroke_lands
I/ForgeShape(24376): sculpt brush kernel selftest pass: SCUNDO_08_and_clears_the_redo_stack
I/ForgeShape(24376): sculpt brush kernel selftest pass: SCUNDO_08_leaving_the_undo_stack_correct
I/ForgeShape(24376): sculpt brush kernel selftest pass: SCUNDO_24_undo_is_refused_while_a_stroke_is_active
I/ForgeShape(24376): sculpt brush kernel selftest pass: SCUNDO_24_redo_too
I/ForgeShape(24376): sculpt brush kernel selftest pass: SCUNDO_24_and_the_refusal_moved_no_vertex
I/ForgeShape(24376): sculpt brush kernel selftest pass: SCUNDO_24_and_the_step_is_available_once_the_finger_lifts
I/ForgeShape(24376): sculpt brush kernel selftest pass: SCUNDO_17_a_reset_from_source_clears_both_stacks
I/ForgeShape(24376): sculpt brush kernel selftest pass: SCUNDO_17_and_undo_cannot_cross_the_reset
I/ForgeShape(24376): sculpt brush kernel selftest pass: SCUNDO_17_with_the_rebuilt_mesh_reporting_no_edits
I/ForgeShape(24376): sculpt brush kernel selftest pass: SCUNDO_24_a_step_in_construction_mode_is_not_sculpt_history
I/ForgeShape(24376): sculpt brush kernel selftest pass: SCUNDO_02_an_imported_seed_is_built
I/ForgeShape(24376): sculpt brush kernel selftest pass: SCUNDO_02_and_freezes
I/ForgeShape(24376): sculpt brush kernel selftest pass: SCUNDO_02_a_stroke_lands_on_the_imported_derived_mesh
I/ForgeShape(24376): sculpt brush kernel selftest pass: SCUNDO_02_one_completed_imported_stroke_is_one_entry
I/ForgeShape(24376): sculpt brush kernel selftest pass: SCUNDO_02_undo_restores_the_imported_seed
I/ForgeShape(24376): sculpt brush kernel selftest pass: SCUNDO_02_and_redo_puts_the_stroke_back
I/ForgeShape(24376): sculpt brush kernel selftest pass: SCUNDO_09_the_imported_positions_never_moved
I/ForgeShape(24376): sculpt brush kernel selftest pass: SCUNDO_09_nor_the_normals
I/ForgeShape(24376): sculpt brush kernel selftest pass: SCUNDO_09_nor_the_topology
I/ForgeShape(24376): sculpt brush kernel selftest pass: SCUNDO_09_and_no_construction_source_was_invented
I/ForgeShape(24376): sculpt brush kernel selftest pass: SCUNDO_10_the_body_placement_is_unchanged
I/ForgeShape(24376): sculpt brush kernel selftest pass: SCUNDO_12_a_loaded_edited_mesh_reports_edits_with_no_history
I/ForgeShape(24376): sculpt brush kernel selftest pass: SCUNDO_12_a_new_stroke_lands
I/ForgeShape(24376): sculpt brush kernel selftest pass: SCUNDO_12_undo_returns_to_the_loaded_state
I/ForgeShape(24376): sculpt brush kernel selftest pass: SCUNDO_12_and_hasEdits_is_still_true_because_the_file_carried_edits
I/ForgeShape(24376): sculpt brush kernel selftest pass: SCUNDO_12_which_is_not_what_undo_depth_would_have_said
I/ForgeShape(24376): sculpt brush kernel selftest pass: SCUNDO_15_body_a_has_two_entries
I/ForgeShape(24376): sculpt brush kernel selftest pass: SCUNDO_15_switching_bodies_switches_history
I/ForgeShape(24376): sculpt brush kernel selftest pass: SCUNDO_15_body_b_has_one_entry
I/ForgeShape(24376): sculpt brush kernel selftest pass: SCUNDO_15_undo_in_b_restores_b
I/ForgeShape(24376): sculpt brush kernel selftest pass: SCUNDO_15_and_a_second_undo_in_b_finds_nothing
I/ForgeShape(24376): sculpt brush kernel selftest pass: SCUNDO_15_body_a_geometry_was_never_touched
I/ForgeShape(24376): sculpt brush kernel selftest pass: SCUNDO_15_and_body_a_still_holds_its_own_two_entries
I/ForgeShape(24376): sculpt brush kernel selftest pass: SCUNDO_16_returning_to_a_restores_its_stacks
I/ForgeShape(24376): sculpt brush kernel selftest pass: SCUNDO_16_and_walking_a_back_lands_on_a_s_own_seed
I/ForgeShape(24376): sculpt brush kernel selftest pass: SCUNDO_16_while_b_kept_its_own_redo
I/ForgeShape(24376): sculpt brush kernel selftest pass: SCUNDO_22_one_vertex_costs_what_the_measure_says
I/ForgeShape(24376): sculpt brush kernel selftest pass: SCUNDO_22_the_step_cap_is_reached_without_eviction
I/ForgeShape(24376): sculpt brush kernel selftest pass: SCUNDO_22_the_next_stroke_evicts_exactly_one
I/ForgeShape(24376): sculpt brush kernel selftest pass: SCUNDO_22_and_it_was_the_oldest
I/ForgeShape(24376): sculpt brush kernel selftest pass: SCUNDO_22_the_retained_set_stays_inside_the_byte_cap
I/ForgeShape(24376): sculpt brush kernel selftest pass: SCUNDO_23_a_big_entry_is_still_inside_the_per_entry_cap
I/ForgeShape(24376): sculpt brush kernel selftest pass: SCUNDO_22_the_byte_cap_bites_before_the_step_cap
I/ForgeShape(24376): sculpt brush kernel selftest pass: SCUNDO_22_and_the_total_stays_inside_the_budget
I/ForgeShape(24376): sculpt brush kernel selftest pass: SCUNDO_22_the_newest_entry_is_never_the_one_evicted
I/ForgeShape(24376): sculpt brush kernel selftest pass: SCUNDO_23_precondition_a_redo_entry_exists
I/ForgeShape(24376): sculpt brush kernel selftest pass: SCUNDO_23_an_oversized_stroke_is_refused_by_name
I/ForgeShape(24376): sculpt brush kernel selftest pass: SCUNDO_23_it_is_not_stored
I/ForgeShape(24376): sculpt brush kernel selftest pass: SCUNDO_23_but_the_stale_redo_branch_is_still_dropped
I/ForgeShape(24376): sculpt brush kernel selftest pass: SCUNDO_23_and_the_history_still_works_afterwards
I/ForgeShape(24376): sculpt brush kernel selftest pass: SCUNDO_23_an_unsorted_delta_is_refused
I/ForgeShape(24376): sculpt brush kernel selftest pass: SCUNDO_23_and_so_is_a_ragged_one
I/ForgeShape(24376): sculpt brush kernel selftest pass: SCUNDO_23_an_empty_delta_records_nothing
I/ForgeShape(24376): sculpt brush kernel selftest pass: SCUNDO_22_a_default_brush_stroke_costs_far_less_than_the_per_entry_cap
I/ForgeShape(24376): sculpt brush kernel selftest pass: SCUNDO_22_and_ten_of_them_stay_far_inside_the_total
I/ForgeShape(24376): FORGESHAPE_SCULPT_BRUSH_KERNEL_SELFTEST_OK (494 checks)
I/ForgeShape(24376): render shading selftest pass: crease_angle_above_curved_adjacency
I/ForgeShape(24376): render shading selftest pass: crease_angle_below_right_angle
I/ForgeShape(24376): render shading selftest pass: crease_cosine_matches_angle
I/ForgeShape(24376): render shading selftest pass: crease_groups_coplanar_faces
I/ForgeShape(24376): render shading selftest pass: crease_splits_perpendicular_faces
I/ForgeShape(24376): render shading selftest pass: box_smooth_builds
I/ForgeShape(24376): render shading selftest pass: box_source_vertex_count_is_8
I/ForgeShape(24376): render shading selftest pass: box_render_vertex_count_is_24
I/ForgeShape(24376): render shading selftest pass: box_index_count_unchanged
I/ForgeShape(24376): render shading selftest pass: box_source_index_count_recorded
I/ForgeShape(24376): render shading selftest pass: box_normals_unit
I/ForgeShape(24376): render shading selftest pass: box_no_nan_or_inf
I/ForgeShape(24376): render shading selftest pass: box_every_normal_axis_aligned_no_rounded_corners
I/ForgeShape(24376): render shading selftest pass: box_six_faces_four_vertices_each
I/ForgeShape(24376): render shading selftest pass: cylinder_smooth_builds
I/ForgeShape(24376): render shading selftest pass: cylinder_source_counts
I/ForgeShape(24376): render shading selftest pass: cylinder_render_vertex_count_is_130
I/ForgeShape(24376): render shading selftest pass: cylinder_index_count_unchanged
I/ForgeShape(24376): render shading selftest pass: cylinder_normals_unit
I/ForgeShape(24376): render shading selftest pass: cylinder_no_nan_or_inf
I/ForgeShape(24376): render shading selftest pass: cylinder_66_flat_cap_normals
I/ForgeShape(24376): render shading selftest pass: cylinder_64_smooth_side_normals
I/ForgeShape(24376): render shading selftest pass: cylinder_hard_rim_no_intermediate_normals
I/ForgeShape(24376): render shading selftest pass: cylinder_side_normals_are_radial
I/ForgeShape(24376): render shading selftest pass: sphere_smooth_builds
I/ForgeShape(24376): render shading selftest pass: sphere_source_counts
I/ForgeShape(24376): render shading selftest pass: sphere_render_vertex_count_equals_source
I/ForgeShape(24376): render shading selftest pass: sphere_index_count_unchanged
I/ForgeShape(24376): render shading selftest pass: sphere_normals_unit
I/ForgeShape(24376): render shading selftest pass: sphere_no_nan_or_inf
I/ForgeShape(24376): render shading selftest pass: sphere_normals_radial_everywhere
I/ForgeShape(24376): render shading selftest pass: sphere_north_pole_normal_stable
I/ForgeShape(24376): render shading selftest pass: sphere_south_pole_normal_stable
I/ForgeShape(24376): render shading selftest pass: cone_smooth_builds
I/ForgeShape(24376): render shading selftest pass: cone_source_counts
I/ForgeShape(24376): render shading selftest pass: cone_render_vertex_count_is_66
I/ForgeShape(24376): render shading selftest pass: cone_index_count_unchanged
I/ForgeShape(24376): render shading selftest pass: cone_normals_unit
I/ForgeShape(24376): render shading selftest pass: cone_no_nan_or_inf
I/ForgeShape(24376): render shading selftest pass: cone_flat_base_33_normals
I/ForgeShape(24376): render shading selftest pass: cone_lateral_33_normals
I/ForgeShape(24376): render shading selftest pass: cone_hard_base_rim_no_intermediate
I/ForgeShape(24376): render shading selftest pass: cone_apex_normal_on_axis
I/ForgeShape(24376): render shading selftest pass: cone_apex_normal_non_zero_no_black_spike
I/ForgeShape(24376): render shading selftest pass: cone_lateral_normals_match_exact_slope
I/ForgeShape(24376): render shading selftest pass: capsule_smooth_builds
I/ForgeShape(24376): render shading selftest pass: capsule_source_counts
I/ForgeShape(24376): render shading selftest pass: capsule_render_vertex_count_equals_source
I/ForgeShape(24376): render shading selftest pass: capsule_index_count_unchanged
I/ForgeShape(24376): render shading selftest pass: capsule_normals_unit
I/ForgeShape(24376): render shading selftest pass: capsule_no_nan_or_inf
I/ForgeShape(24376): render shading selftest pass: capsule_both_seam_rings_present
I/ForgeShape(24376): render shading selftest pass: capsule_seams_shade_smoothly
I/ForgeShape(24376): render shading selftest pass: capsule_middle_normals_radial
I/ForgeShape(24376): render shading selftest pass: capsule_equality_builds
I/ForgeShape(24376): render shading selftest pass: capsule_equality_has_sphere_topology
I/ForgeShape(24376): render shading selftest pass: capsule_equality_render_count_equals_source
I/ForgeShape(24376): render shading selftest pass: capsule_equality_normals_unit
I/ForgeShape(24376): render shading selftest pass: capsule_equality_no_nan_or_inf
I/ForgeShape(24376): render shading selftest pass: capsule_equality_shades_as_sphere
I/ForgeShape(24376): render shading selftest pass: faceted_builds
I/ForgeShape(24376): render shading selftest pass: faceted_vertex_count_is_index_count
I/ForgeShape(24376): render shading selftest pass: faceted_index_count_unchanged
I/ForgeShape(24376): render shading selftest pass: faceted_indices_are_identity
I/ForgeShape(24376): render shading selftest pass: faceted_normals_unit
I/ForgeShape(24376): render shading selftest pass: faceted_no_nan_or_inf
I/ForgeShape(24376): render shading selftest pass: faceted_every_triangle_has_one_normal
I/ForgeShape(24376): render shading selftest pass: faceted_sphere_builds
I/ForgeShape(24376): render shading selftest pass: faceted_sphere_exposes_triangles
I/ForgeShape(24376): render shading selftest pass: faceted_sphere_same_triangle_count
I/ForgeShape(24376): render shading selftest pass: faceted_sphere_normals_not_radial
I/ForgeShape(24376): render shading selftest pass: presentation_only_source_published
I/ForgeShape(24376): render shading selftest pass: presentation_only_source_available
I/ForgeShape(24376): render shading selftest pass: presentation_only_first_refresh_rebuilds
I/ForgeShape(24376): render shading selftest pass: presentation_only_source_vertex_count_unchanged
I/ForgeShape(24376): render shading selftest pass: presentation_only_source_index_count_unchanged
I/ForgeShape(24376): render shading selftest pass: presentation_only_source_revision_unchanged
I/ForgeShape(24376): render shading selftest pass: presentation_only_store_revision_unchanged
I/ForgeShape(24376): render shading selftest pass: presentation_only_source_vertices_bit_identical
I/ForgeShape(24376): render shading selftest pass: presentation_only_source_indices_bit_identical
I/ForgeShape(24376): render shading selftest pass: presentation_only_published_count_unchanged
I/ForgeShape(24376): render shading selftest pass: rebuild_starts_invalid
I/ForgeShape(24376): render shading selftest pass: rebuild_first_refresh_builds
I/ForgeShape(24376): render shading selftest pass: rebuild_count_is_one
I/ForgeShape(24376): render shading selftest pass: rebuild_is_valid_after_build
I/ForgeShape(24376): render shading selftest pass: rebuild_unchanged_geometry_never_rebuilds
I/ForgeShape(24376): render shading selftest pass: rebuild_skips_are_counted
I/ForgeShape(24376): render shading selftest pass: rebuild_on_surface_shading_change
I/ForgeShape(24376): render shading selftest pass: rebuild_count_is_two
I/ForgeShape(24376): render shading selftest pass: rebuild_faceted_is_cached_too
I/ForgeShape(24376): render shading selftest pass: rebuild_count_still_two
I/ForgeShape(24376): render shading selftest pass: rebuild_on_new_revision
I/ForgeShape(24376): render shading selftest pass: rebuild_count_is_three
I/ForgeShape(24376): render shading selftest pass: rebuild_invalidate_clears
I/ForgeShape(24376): render shading selftest pass: rebuild_after_invalidate
I/ForgeShape(24376): render shading selftest pass: rebuild_count_is_four
I/ForgeShape(24376): render shading selftest pass: rebuild_never_failed
I/ForgeShape(24376): render shading selftest pass: build_refuses_null_output
I/ForgeShape(24376): render shading selftest pass: build_refuses_zero_vertices
I/ForgeShape(24376): render shading selftest pass: build_refuses_zero_indices
I/ForgeShape(24376): render shading selftest pass: build_refuses_non_triangle_index_count
I/ForgeShape(24376): render shading selftest pass: build_refuses_out_of_range_index
I/ForgeShape(24376): render shading selftest pass: build_refuses_nan_position
I/ForgeShape(24376): render shading selftest pass: build_accepts_degenerate_triangle
I/ForgeShape(24376): render shading selftest pass: degenerate_triangle_is_finite
I/ForgeShape(24376): render shading selftest pass: degenerate_triangle_normal_is_zero_not_nan
I/ForgeShape(24376): render shading selftest pass: faceted_accepts_degenerate_triangle
I/ForgeShape(24376): render shading selftest pass: faceted_degenerate_is_finite
I/ForgeShape(24376): render shading selftest pass: determinism_builds
I/ForgeShape(24376): render shading selftest pass: determinism_same_counts
I/ForgeShape(24376): render shading selftest pass: determinism_bit_identical_vertices
I/ForgeShape(24376): render shading selftest pass: determinism_bit_identical_indices
I/ForgeShape(24376): render shading selftest pass: colour_passthrough_builds
I/ForgeShape(24376): render shading selftest pass: colour_passthrough_preserved
I/ForgeShape(24376): render shading selftest pass: matcap_generates_expected_size
I/ForgeShape(24376): render shading selftest pass: matcap_is_deterministic
I/ForgeShape(24376): render shading selftest pass: matcap_is_fully_opaque
I/ForgeShape(24376): render shading selftest pass: matcap_samples_inside_disc
I/ForgeShape(24376): render shading selftest pass: matcap_refuses_outside_disc
I/ForgeShape(24376): render shading selftest pass: matcap_refuses_non_finite
I/ForgeShape(24376): render shading selftest pass: matcap_key_side_brighter_than_shadow_side
I/ForgeShape(24376): render shading selftest pass: matcap_facing_is_mid_tone
I/ForgeShape(24376): render shading selftest pass: matcap_shadow_side_is_not_black
I/ForgeShape(24376): render shading selftest pass: matcap_rim_lifts_silhouette
I/ForgeShape(24376): render shading selftest pass: matcap_is_neutral
I/ForgeShape(24376): render shading selftest pass: matcap_has_usable_contrast_range
I/ForgeShape(24376): render shading selftest pass: matcap_never_pure_black
I/ForgeShape(24376): render shading selftest pass: display_default_is_studio_solid
I/ForgeShape(24376): render shading selftest pass: display_default_is_smooth
I/ForgeShape(24376): render shading selftest pass: display_index_0_is_studio
I/ForgeShape(24376): render shading selftest pass: display_index_1_is_matcap
I/ForgeShape(24376): render shading selftest pass: display_index_2_is_debug
I/ForgeShape(24376): render shading selftest pass: display_refuses_negative_index
I/ForgeShape(24376): render shading selftest pass: display_refuses_out_of_range_index
I/ForgeShape(24376): render shading selftest pass: display_index_round_trips
I/ForgeShape(24376): render shading selftest pass: display_surface_index_0_is_smooth
I/ForgeShape(24376): render shading selftest pass: display_surface_index_1_is_faceted
I/ForgeShape(24376): render shading selftest pass: display_surface_refuses_out_of_range
I/ForgeShape(24376): render shading selftest pass: display_store_starts_at_default
I/ForgeShape(24376): render shading selftest pass: display_store_no_op_reports_false
I/ForgeShape(24376): render shading selftest pass: display_store_change_count_still_zero
I/ForgeShape(24376): render shading selftest pass: display_store_real_change_reports_true
I/ForgeShape(24376): render shading selftest pass: display_store_holds_new_value
I/ForgeShape(24376): render shading selftest pass: display_store_surface_change
I/ForgeShape(24376): render shading selftest pass: display_store_surface_held
I/ForgeShape(24376): render shading selftest pass: display_store_counts_two_changes
I/ForgeShape(24376): render shading selftest pass: display_viewport_background_default_is_warm_graphite
I/ForgeShape(24376): render shading selftest pass: display_viewport_background_has_five_appearances
I/ForgeShape(24376): render shading selftest pass: display_viewport_background_index_0_is_warm_graphite
I/ForgeShape(24376): render shading selftest pass: display_viewport_background_index_1_is_neutral_charcoal
I/ForgeShape(24376): render shading selftest pass: display_viewport_background_index_2_is_light_charcoal
I/ForgeShape(24376): render shading selftest pass: display_viewport_background_index_3_is_warm_light
I/ForgeShape(24376): render shading selftest pass: display_viewport_background_index_4_is_cool_light
I/ForgeShape(24376): render shading selftest pass: display_viewport_background_refuses_negative
I/ForgeShape(24376): render shading selftest pass: display_viewport_background_refuses_out_of_range
I/ForgeShape(24376): render shading selftest pass: display_viewport_background_index_round_trips
I/ForgeShape(24376): render shading selftest pass: display_only_the_two_light_grounds_are_light
I/ForgeShape(24376): render shading selftest pass: display_store_background_starts_at_the_default
I/ForgeShape(24376): render shading selftest pass: display_store_background_no_op_reports_false
I/ForgeShape(24376): render shading selftest pass: display_store_background_change_reports_true
I/ForgeShape(24376): render shading selftest pass: display_store_background_held
I/ForgeShape(24376): render shading selftest pass: display_warm_graphite_background_is_302e2b
I/ForgeShape(24376): render shading selftest pass: display_neutral_charcoal_background_is_26282a
I/ForgeShape(24376): render shading selftest pass: display_light_charcoal_background_is_3c3f41
I/ForgeShape(24376): render shading selftest pass: display_warm_graphite_leans_warm
I/ForgeShape(24376): render shading selftest pass: display_neutral_charcoal_leans_cool
I/ForgeShape(24376): render shading selftest pass: display_light_charcoal_is_the_lightest_ground
I/ForgeShape(24376): render shading selftest pass: display_every_dark_ground_is_dark
I/ForgeShape(24376): render shading selftest pass: display_warm_light_background_is_ede7dc
I/ForgeShape(24376): render shading selftest pass: display_cool_light_background_is_e4e8ec
I/ForgeShape(24376): render shading selftest pass: display_warm_light_leans_warm
I/ForgeShape(24376): render shading selftest pass: display_cool_light_leans_cool
I/ForgeShape(24376): render shading selftest pass: display_every_light_ground_is_light
I/ForgeShape(24376): render shading selftest pass: display_the_two_light_grounds_are_distinguishable
I/ForgeShape(24376): render shading selftest pass: display_gizmo_stroke_weight_default_is_regular
I/ForgeShape(24376): render shading selftest pass: display_gizmo_stroke_weight_index_round_trips
I/ForgeShape(24376): render shading selftest pass: display_gizmo_stroke_weight_refuses_unknown
I/ForgeShape(24376): render shading selftest pass: display_store_stroke_weight_starts_regular
I/ForgeShape(24376): render shading selftest pass: display_store_stroke_weight_no_op_reports_false
I/ForgeShape(24376): render shading selftest pass: display_store_stroke_weight_change_reports_true_and_counts
I/ForgeShape(24376): render shading selftest pass: display_stroke_weight_names_present
I/ForgeShape(24376): render shading selftest pass: display_snapshot_matches
I/ForgeShape(24376): render shading selftest pass: display_names_present
I/ForgeShape(24376): render shading selftest pass: deformation_fixture
I/ForgeShape(24376): render shading selftest pass: deformation_published
I/ForgeShape(24376): render shading selftest pass: deformation_rebuilds_on_new_revision
I/ForgeShape(24376): render shading selftest pass: deformation_rebuild_count_is_two
I/ForgeShape(24376): render shading selftest pass: deformation_render_topology_stable
I/ForgeShape(24376): render shading selftest pass: deformation_normals_follow_positions
I/ForgeShape(24376): render shading selftest pass: deformation_relights_a_region
I/ForgeShape(24376): render shading selftest pass: deformation_normals_still_unit
I/ForgeShape(24376): render shading selftest pass: deformation_no_nan_or_inf
I/ForgeShape(24376): render shading selftest pass: deformation_topology_unchanged
I/ForgeShape(24376): render shading selftest pass: nor01_box_source_winding_outward
I/ForgeShape(24376): render shading selftest pass: nor01_cylinder_source_winding_outward
I/ForgeShape(24376): render shading selftest pass: nor01_sphere_source_winding_outward
I/ForgeShape(24376): render shading selftest pass: nor01_cone_source_winding_outward
I/ForgeShape(24376): render shading selftest pass: nor01_capsule_source_winding_outward
I/ForgeShape(24376): render shading selftest pass: nor01_capsule_equality_source_winding_outward
I/ForgeShape(24376): render shading selftest pass: nor01_box_all_12_triangles_outward
I/ForgeShape(24376): render shading selftest pass: nor02_box_builds
I/ForgeShape(24376): render shading selftest pass: nor02_box_render_normals_outward
I/ForgeShape(24376): render shading selftest pass: nor02_box_six_outward_axes_four_each
I/ForgeShape(24376): render shading selftest pass: nor02_box_normal_sign_matches_corner_sign
I/ForgeShape(24376): render shading selftest pass: nor02_box_no_mixed_sign_on_a_planar_face
I/ForgeShape(24376): render shading selftest pass: nor03_cylinder_builds
I/ForgeShape(24376): render shading selftest pass: nor03_cylinder_render_normals_outward
I/ForgeShape(24376): render shading selftest pass: nor03_cylinder_side_radial_outward
I/ForgeShape(24376): render shading selftest pass: nor03_cylinder_top_plus_y_bottom_minus_y
I/ForgeShape(24376): render shading selftest pass: nor04_sphere_builds
I/ForgeShape(24376): render shading selftest pass: nor04_sphere_render_normals_outward
I/ForgeShape(24376): render shading selftest pass: nor04_sphere_normals_in_outward_hemisphere
I/ForgeShape(24376): render shading selftest pass: nor05_cone_builds
I/ForgeShape(24376): render shading selftest pass: nor05_cone_render_normals_outward
I/ForgeShape(24376): render shading selftest pass: nor05_cone_side_outward_and_upslope
I/ForgeShape(24376): render shading selftest pass: nor05_cone_base_outward_downward
I/ForgeShape(24376): render shading selftest pass: nor05_cone_apex_finite_and_stable
I/ForgeShape(24376): render shading selftest pass: nor06_capsule_builds
I/ForgeShape(24376): render shading selftest pass: nor06_capsule_render_normals_outward
I/ForgeShape(24376): render shading selftest pass: nor06_capsule_normals_finite
I/ForgeShape(24376): render shading selftest pass: nor06_capsule_equality_builds
I/ForgeShape(24376): render shading selftest pass: nor06_capsule_equality_render_normals_outward
I/ForgeShape(24376): render shading selftest pass: nor06_capsule_equality_normals_finite
I/ForgeShape(24376): render shading selftest pass: nor07_faceted_matches_source_triangle_orientation
I/ForgeShape(24376): render shading selftest pass: nor07_faceted_normals_outward
I/ForgeShape(24376): render shading selftest pass: nor08_duplication_builds
I/ForgeShape(24376): render shading selftest pass: nor08_render_vertices_exceed_source
I/ForgeShape(24376): render shading selftest pass: nor08_index_count_identical
I/ForgeShape(24376): render shading selftest pass: nor08_render_corners_are_source_corners
I/ForgeShape(24376): render shading selftest pass: nor08_render_winding_matches_source
I/ForgeShape(24376): render shading selftest pass: nor09_transform_fixture
I/ForgeShape(24376): render shading selftest pass: nor09_model_to_view_preserves_outward_sign
I/ForgeShape(24376): render shading selftest pass: nor09_model_to_view_preserves_unit_length
I/ForgeShape(24376): render shading selftest pass: nor09_camera_facing_surfaces_have_positive_view_z
I/ForgeShape(24376): render shading selftest pass: nor10_display_fixture
I/ForgeShape(24376): render shading selftest pass: nor10_picking_hits_before_display_change
I/ForgeShape(24376): render shading selftest pass: nor10_shading_model_never_rebuilds_geometry
I/ForgeShape(24376): render shading selftest pass: nor10_surface_shading_rebuilds_render_data_only
I/ForgeShape(24376): render shading selftest pass: nor10_picking_unchanged_by_display
I/ForgeShape(24376): render shading selftest pass: nor10_source_revision_unchanged
I/ForgeShape(24376): render shading selftest pass: nor_outwardness_passes_on_correct_normals
I/ForgeShape(24376): render shading selftest pass: nor_outwardness_fails_on_global_normal_flip
I/ForgeShape(24376): render shading selftest pass: pln09_source_topology_is_4_6
I/ForgeShape(24376): render shading selftest pass: pln09_one_sided_build_succeeds
I/ForgeShape(24376): render shading selftest pass: pln09_two_sided_build_succeeds
I/ForgeShape(24376): render shading selftest pass: pln10_two_sided_doubles_vertex_and_index_counts
I/ForgeShape(24376): render shading selftest pass: pln10_source_topology_still_4_6_after_render_build
I/ForgeShape(24376): render shading selftest pass: pln09_front_render_normals_are_exactly_plus_y
I/ForgeShape(24376): render shading selftest pass: pln10_back_render_normals_are_exactly_minus_y
I/ForgeShape(24376): render shading selftest pass: pln10_back_triangles_use_only_back_vertices
I/ForgeShape(24376): render shading selftest pass: pln09_10_render_data_all_finite
I/ForgeShape(24376): render shading selftest pass: pln20_display_fixture
I/ForgeShape(24376): render shading selftest pass: pln20_back_picking_hits_before_display_change
I/ForgeShape(24376): render shading selftest pass: pln20_shading_model_never_rebuilds_geometry
I/ForgeShape(24376): render shading selftest pass: pln20_surface_shading_rebuilds_render_data_only
I/ForgeShape(24376): render shading selftest pass: pln20_faceted_still_two_sided
I/ForgeShape(24376): render shading selftest pass: pln20_smooth_round_trip_restores_two_sided_count
I/ForgeShape(24376): render shading selftest pass: pln20_back_picking_unchanged_by_display
I/ForgeShape(24376): render shading selftest pass: pln20_source_revision_unchanged
I/ForgeShape(24376): render shading selftest pass: r1c1_01_unselected_body_mixes_no_tint
I/ForgeShape(24376): render shading selftest pass: r1c1_01_selection_starts_at_the_pulse_peak
I/ForgeShape(24376): render shading selftest pass: r1c1_01_the_peak_is_above_the_resting_value
I/ForgeShape(24376): render shading selftest pass: r1c1_02_the_pulse_decays_monotonically
I/ForgeShape(24376): render shading selftest pass: r1c1_02_the_pulse_never_overshoots_either_end
I/ForgeShape(24376): render shading selftest pass: r1c1_02_the_pulse_settles_on_the_resting_alpha
I/ForgeShape(24376): render shading selftest pass: r1c1_02_the_pulse_is_still_running_one_frame_in
I/ForgeShape(24376): render shading selftest pass: r1c1_03_resting_alpha_is_below_the_legacy_flood
I/ForgeShape(24376): render shading selftest pass: r1c1_03_resting_alpha_is_less_than_half_the_legacy_flood
I/ForgeShape(24376): render shading selftest pass: r1c1_03_resting_alpha_is_still_visible
I/ForgeShape(24376): render shading selftest pass: r1c1_03_the_peak_still_matches_the_legacy_flood
I/ForgeShape(24376): render shading selftest pass: r1c1_04_deselection_mixes_no_tint
I/ForgeShape(24376): render shading selftest pass: r1c1_04_deselection_leaves_no_running_pulse
I/ForgeShape(24376): render shading selftest pass: r1c1_04_reselection_starts_a_whole_new_pulse
I/ForgeShape(24376): render shading selftest pass: r1c1_04_staying_selected_does_not_re_pulse
I/ForgeShape(24376): render shading selftest pass: r1c1_05_the_newly_selected_body_pulses
I/ForgeShape(24376): render shading selftest pass: r1c1_05_the_previously_selected_body_goes_dark
I/ForgeShape(24376): render shading selftest pass: r1c1_05_one_bodys_pulse_does_not_touch_anothers
I/ForgeShape(24376): render shading selftest pass: r1c1_06_reduced_motion_reaches_resting_immediately
I/ForgeShape(24376): render shading selftest pass: r1c1_06_reduced_motion_runs_no_pulse
I/ForgeShape(24376): render shading selftest pass: r1c1_06_a_stall_is_clamped_not_trusted
I/ForgeShape(24376): render shading selftest pass: r1c1_06_a_nonsense_delta_advances_nothing
I/ForgeShape(24376): render shading selftest pass: r1c1_06_the_fixture_published
I/ForgeShape(24376): render shading selftest pass: r1c1_06_selection_mints_no_mesh_revision
I/ForgeShape(24376): render shading selftest pass: r1c1_06_selection_leaves_the_runtime_mesh_bit_identical
I/ForgeShape(24376): render shading selftest pass: r1c1_06_selection_is_still_the_same_published_object
I/ForgeShape(24376): render shading selftest pass: r1c2_01_grid_defaults_to_on
I/ForgeShape(24376): render shading selftest pass: r1c2_01_a_fresh_store_shows_the_default
I/ForgeShape(24376): render shading selftest pass: r1c2_02_grid_no_op_reports_false
I/ForgeShape(24376): render shading selftest pass: r1c2_02_grid_no_op_is_not_counted
I/ForgeShape(24376): render shading selftest pass: r1c2_02_grid_change_reports_true
I/ForgeShape(24376): render shading selftest pass: r1c2_02_grid_change_is_counted
I/ForgeShape(24376): render shading selftest pass: r1c2_02_grid_value_is_held
I/ForgeShape(24376): render shading selftest pass: r1c2_02_grid_returns
I/ForgeShape(24376): render shading selftest pass: r1c2_02_grid_rides_in_the_snapshot
I/ForgeShape(24376): render shading selftest pass: r1c2_02_the_snapshot_is_otherwise_the_same
I/ForgeShape(24376): render shading selftest pass: r1c2_02_grid_does_not_disturb_the_shading_model
I/ForgeShape(24376): render shading selftest pass: r1c2_02_grid_does_not_disturb_the_background
I/ForgeShape(24376): render shading selftest pass: r1c2_grid_plane_is_world_y_zero
I/ForgeShape(24376): render shading selftest pass: r1c2_grid_minor_spacing_is_one_meter
I/ForgeShape(24376): render shading selftest pass: r1c2_grid_major_every_five
I/ForgeShape(24376): render shading selftest pass: r1c2_grid_half_extent_is_twenty_meters
I/ForgeShape(24376): render shading selftest pass: r1c2_grid_line_count_is_odd_per_axis
I/ForgeShape(24376): render shading selftest pass: r1c2_grid_counts_agree
I/ForgeShape(24376): render shading selftest pass: r1c2_grid_generates_every_vertex
I/ForgeShape(24376): render shading selftest pass: r1c2_grid_refuses_a_short_buffer
I/ForgeShape(24376): render shading selftest pass: r1c2_grid_refuses_a_null_buffer
I/ForgeShape(24376): render shading selftest pass: r1c2_04_every_grid_vertex_is_on_world_y_zero
I/ForgeShape(24376): render shading selftest pass: r1c2_04_no_grid_vertex_escapes_the_extent
I/ForgeShape(24376): render shading selftest pass: r1c2_grid_lines_are_axis_aligned_and_single_tiered
I/ForgeShape(24376): render shading selftest pass: r1c2_grid_lines_span_the_full_extent
I/ForgeShape(24376): render shading selftest pass: r1c2_grid_has_exactly_one_x_axis
I/ForgeShape(24376): render shading selftest pass: r1c2_grid_has_exactly_one_z_axis
I/ForgeShape(24376): render shading selftest pass: r1c2_grid_major_rhythm_is_regular
I/ForgeShape(24376): render shading selftest pass: r1c2_grid_a_line_next_to_the_axis_is_minor
I/ForgeShape(24376): render shading selftest pass: r1c2_grid_the_fifth_line_out_is_major
I/ForgeShape(24376): render shading selftest pass: r1c2_grid_the_two_axes_are_distinct_tiers
I/ForgeShape(24376): render shading selftest pass: r1c2_07_every_grid_colour_is_in_range
I/ForgeShape(24376): render shading selftest pass: r1c2_07_each_appearance_has_its_own_palette
I/ForgeShape(24376): render shading selftest pass: r1c2_07_lines_contrast_with_every_ground_in_the_right_direction
I/ForgeShape(24376): render shading selftest pass: r1c2_07_the_lightest_dark_ground_carries_the_most_weight
I/ForgeShape(24376): render shading selftest pass: r1c2_07_minor_under_major_under_axis_in_every_appearance
I/ForgeShape(24376): render shading selftest pass: r1c2_07_no_grid_line_is_drawn_at_a_dominating_weight
I/ForgeShape(24376): render shading selftest pass: r1c2_07_the_x_axis_leans_warm_and_the_z_axis_leans_cool
I/ForgeShape(24376): render shading selftest pass: r1c2_03_grid_inertness_fixture
I/ForgeShape(24376): render shading selftest pass: r1c2_04_picking_hits_the_body_before_the_toggle
I/ForgeShape(24376): render shading selftest pass: r1c2_03_grid_toggling_leaves_the_scene_snapshot_identical
I/ForgeShape(24376): render shading selftest pass: r1c2_03_the_scene_still_holds_exactly_its_own_bodies
I/ForgeShape(24376): render shading selftest pass: r1c2_03_grid_toggling_mints_no_mesh_revision
I/ForgeShape(24376): render shading selftest pass: r1c2_06_grid_toggling_rebuilds_no_render_mesh
I/ForgeShape(24376): render shading selftest pass: r1c2_06_grid_toggling_leaves_the_source_mesh_the_same_size
I/ForgeShape(24376): render shading selftest pass: r1c2_04_picking_is_unchanged_by_the_grid
I/ForgeShape(24376): render shading selftest pass: r1c2_04_a_ray_along_the_grid_plane_hits_nothing
I/ForgeShape(24376): render shading selftest pass: r1c2_05_freeze_succeeds_either_way
I/ForgeShape(24376): render shading selftest pass: r1c2_05_a_frozen_mesh_is_the_same_size_either_way
I/ForgeShape(24376): render shading selftest pass: r1c2_05_a_frozen_mesh_is_bit_identical_either_way
I/ForgeShape(24376): render shading selftest pass: r1c2_05_the_grid_did_not_reach_the_construction_source
I/ForgeShape(24376): render shading selftest pass: r1c2_08_plane_source_topology_is_still_4_6
I/ForgeShape(24376): render shading selftest pass: r1c2_08_plane_is_still_flat_at_local_y_zero
I/ForgeShape(24376): render shading selftest pass: r1c2_08_the_plane_and_the_grid_share_world_y_zero
I/ForgeShape(24376): render shading selftest pass: r1c2_09_perspective_is_a_perspective_matrix
I/ForgeShape(24376): render shading selftest pass: r1c2_09_a_grid_toggle_moves_no_camera_value
I/ForgeShape(24376): render shading selftest pass: r1c2_09_a_grid_toggle_does_not_change_the_projection_mode
I/ForgeShape(24376): render shading selftest pass: r1c2_09_orthographic_is_a_parallel_projection
I/ForgeShape(24376): render shading selftest pass: r1c2_09_a_grid_toggle_moves_no_orthographic_value
I/ForgeShape(24376): render shading selftest pass: r1c2_09_the_projection_mode_survives_the_toggle
I/ForgeShape(24376): FORGESHAPE_RENDER_SHADING_SELFTEST_OK (345 checks)
I/ForgeShape(24376): scene selftest pass: s17_01_startup_has_exactly_one_body
I/ForgeShape(24376): scene selftest pass: s17_01_startup_body_keeps_the_original_object_id
I/ForgeShape(24376): scene selftest pass: s17_01_startup_body_is_active
I/ForgeShape(24376): scene selftest pass: s17_01_startup_body_is_the_default_box
I/ForgeShape(24376): scene selftest pass: s17_01_startup_body_is_at_identity
I/ForgeShape(24376): scene selftest pass: s17_02_added_bodies_have_unique_ids
I/ForgeShape(24376): scene selftest pass: s17_02_ids_are_not_collection_indices
I/ForgeShape(24376): scene selftest pass: s17_02_add_appends_in_insertion_order
I/ForgeShape(24376): scene selftest pass: s17_02_add_selects_the_new_body
I/ForgeShape(24376): scene selftest pass: s17_02_find_resolves_every_id
I/ForgeShape(24376): scene selftest pass: s17_02_find_rejects_an_unknown_id
I/ForgeShape(24376): scene selftest pass: s17_20_enumeration_order_is_deterministic_across_edits
I/ForgeShape(24376): scene selftest pass: s17_20_selection_change_does_not_reorder
I/ForgeShape(24376): scene selftest pass: s17_03_object_id_survives_a_primitive_change
I/ForgeShape(24376): scene selftest pass: s17_04_object_id_survives_a_transform
I/ForgeShape(24376): scene selftest pass: s17_03_primitive_edit_a_applies
I/ForgeShape(24376): scene selftest pass: s17_03_primitive_edit_a_leaves_b_kind_and_parameters_untouched
I/ForgeShape(24376): scene selftest pass: s17_03_primitive_edit_a_mints_no_revision_in_b
I/ForgeShape(24376): scene selftest pass: s17_03_primitive_edit_a_did_mint_a_revision_in_a
I/ForgeShape(24376): scene selftest pass: s17_04_transform_a_applies
I/ForgeShape(24376): scene selftest pass: s17_04_transform_a_mints_no_revision_anywhere
I/ForgeShape(24376): scene selftest pass: s17_04_transform_a_leaves_b_placement_untouched
I/ForgeShape(24376): scene selftest pass: s17_03_selector_only_switch_publishes_nothing
I/ForgeShape(24376): scene selftest pass: s17_03_switching_back_round_trips_the_exact_spec
I/ForgeShape(24376): scene selftest pass: s17_04_switching_back_round_trips_the_exact_transform
I/ForgeShape(24376): scene selftest pass: s17_03_selector_switch_changes_no_object_id
I/ForgeShape(24376): scene selftest pass: s17_19_invalid_apply_is_rejected
I/ForgeShape(24376): scene selftest pass: s17_19_invalid_apply_mints_no_revision
I/ForgeShape(24376): scene selftest pass: s17_19_invalid_apply_leaves_a_unchanged
I/ForgeShape(24376): scene selftest pass: s17_19_invalid_apply_leaves_b_unchanged
I/ForgeShape(24376): scene selftest pass: s17_19_invalid_apply_leaves_the_collection_intact
I/ForgeShape(24376): scene selftest pass: s17_05_snapshot_carries_every_published_body
I/ForgeShape(24376): scene selftest pass: s17_05_snapshot_is_in_scene_order
I/ForgeShape(24376): scene selftest pass: s17_05_each_item_carries_its_own_mesh_and_id
I/ForgeShape(24376): scene selftest pass: s17_05_each_item_carries_its_own_model_transform
I/ForgeShape(24376): scene selftest pass: s17_08_only_the_selected_body_is_highlighted
I/ForgeShape(24376): scene selftest pass: s17_08_highlight_follows_the_selection
I/ForgeShape(24376): scene selftest pass: s17_06_each_body_builds_its_own_render_data
I/ForgeShape(24376): scene selftest pass: s17_06_render_caches_are_independent_objects
I/ForgeShape(24376): scene selftest pass: s17_07_edit_a_moves_only_a_revision
I/ForgeShape(24376): scene selftest pass: s17_07_b_render_gate_would_skip
I/ForgeShape(24376): scene selftest pass: s17_05_old_snapshots_stay_valid
I/ForgeShape(24376): scene selftest pass: s17_09_pick_over_body_a_returns_a
I/ForgeShape(24376): scene selftest pass: s17_09_pick_over_body_b_returns_b
I/ForgeShape(24376): scene selftest pass: s17_09_the_two_picks_are_different_bodies
I/ForgeShape(24376): scene selftest pass: s17_09_a_pixel_over_neither_body_misses
I/ForgeShape(24376): scene selftest pass: s17_10_overlapping_bodies_pick_the_nearest
I/ForgeShape(24376): scene selftest pass: s17_10_the_far_body_was_a_real_candidate
I/ForgeShape(24376): scene selftest pass: s17_11_the_plane_body_publishes_two_sided
I/ForgeShape(24376): scene selftest pass: s17_11_the_solid_body_publishes_single_sided
I/ForgeShape(24376): scene selftest pass: s17_11_flat_sheet_body_picks_from_behind
I/ForgeShape(24376): scene selftest pass: s17_11_solid_body_still_refuses_a_pick_from_inside
I/ForgeShape(24376): scene selftest pass: s17_11_a_plane_body_does_not_make_its_neighbour_two_sided
I/ForgeShape(24376): scene selftest pass: s17_12_axial_pick_at_a_face_centre_still_hits
I/ForgeShape(24376): scene selftest pass: s17_13_freeze_a_succeeds
I/ForgeShape(24376): scene selftest pass: s17_13_freeze_a_preserves_its_object_id
I/ForgeShape(24376): scene selftest pass: s17_13_freeze_a_leaves_b_unfrozen
I/ForgeShape(24376): scene selftest pass: s17_13_freeze_a_publishes_nothing_for_b
I/ForgeShape(24376): scene selftest pass: s17_18_a_stroke_begins_on_a
I/ForgeShape(24376): scene selftest pass: s17_18_the_stroke_edited_a
I/ForgeShape(24376): scene selftest pass: s17_18_the_stroke_did_not_touch_b_source
I/ForgeShape(24376): scene selftest pass: s17_18_the_stroke_did_not_freeze_b
I/ForgeShape(24376): scene selftest pass: s17_18_the_stroke_minted_no_revision_in_b
I/ForgeShape(24376): scene selftest pass: s17_14_switching_body_does_not_change_the_shared_brush
I/ForgeShape(24376): scene selftest pass: s17_14_freeze_b_succeeds
I/ForgeShape(24376): scene selftest pass: s17_16_a_has_edits_and_b_does_not
I/ForgeShape(24376): scene selftest pass: s17_14_frozen_revisions_are_independent
I/ForgeShape(24376): scene selftest pass: s17_14_both_frozen_meshes_keep_their_own_identity
I/ForgeShape(24376): scene selftest pass: s17_14_editing_b_does_not_move_a_revision
I/ForgeShape(24376): scene selftest pass: s17_16_both_now_report_their_own_edits
I/ForgeShape(24376): scene selftest pass: s17_15_neither_body_is_stale_yet
I/ForgeShape(24376): scene selftest pass: s17_15_changing_a_source_makes_only_a_stale
I/ForgeShape(24376): scene selftest pass: s17_17_b_resumes_its_own_mesh
I/ForgeShape(24376): scene selftest pass: s17_17_a_resumes_without_refreezing
I/ForgeShape(24376): scene selftest pass: s17_17_a_gets_back_its_own_deformed_vertices
I/ForgeShape(24376): scene selftest pass: s17_17_a_revision_is_unchanged_by_the_round_trip
I/ForgeShape(24376): scene selftest pass: s17_17_b_kept_its_own_state_throughout
I/ForgeShape(24376): scene selftest pass: s17_17_the_two_frozen_meshes_are_still_distinct
I/ForgeShape(24376): scene selftest pass: s17_15_a_stale_flag_survived_the_round_trip
I/ForgeShape(24376): FORGESHAPE_SCENE_SELFTEST_OK (79 checks)
I/ForgeShape(24376): construction history selftest pass: empty_history_cannot_undo
I/ForgeShape(24376): construction history selftest pass: empty_history_cannot_redo
I/ForgeShape(24376): construction history selftest pass: empty_history_depth_zero
I/ForgeShape(24376): construction history selftest pass: empty_history_undo_is_a_no_op
I/ForgeShape(24376): construction history selftest pass: empty_history_redo_is_a_no_op
I/ForgeShape(24376): construction history selftest pass: shape_apply_is_applied
I/ForgeShape(24376): construction history selftest pass: shape_apply_is_one_step
I/ForgeShape(24376): construction history selftest pass: shape_apply_clears_nothing_to_redo
I/ForgeShape(24376): construction history selftest pass: shape_apply_enables_undo
I/ForgeShape(24376): construction history selftest pass: shape_undo_reports_success
I/ForgeShape(24376): construction history selftest pass: shape_undo_restores_kind
I/ForgeShape(24376): construction history selftest pass: shape_undo_restores_every_parameter
I/ForgeShape(24376): construction history selftest pass: shape_undo_restores_placement
I/ForgeShape(24376): construction history selftest pass: shape_undo_keeps_object_id
I/ForgeShape(24376): construction history selftest pass: shape_undo_republishes
I/ForgeShape(24376): construction history selftest pass: shape_undo_moves_the_step_to_redo
I/ForgeShape(24376): construction history selftest pass: shape_undo_enables_redo
I/ForgeShape(24376): construction history selftest pass: shape_redo_reports_success
I/ForgeShape(24376): construction history selftest pass: shape_redo_restores_exact_post_state
I/ForgeShape(24376): construction history selftest pass: shape_redo_keeps_object_id
I/ForgeShape(24376): construction history selftest pass: shape_redo_returns_the_step
I/ForgeShape(24376): construction history selftest pass: rejected_shape_apply_is_rejected
I/ForgeShape(24376): construction history selftest pass: rejected_shape_apply_writes_no_history
I/ForgeShape(24376): construction history selftest pass: rejected_shape_apply_changes_nothing
I/ForgeShape(24376): construction history selftest pass: identical_shape_apply_is_unchanged
I/ForgeShape(24376): construction history selftest pass: identical_shape_apply_writes_no_history
I/ForgeShape(24376): construction history selftest pass: identical_placement_apply_is_unchanged
I/ForgeShape(24376): construction history selftest pass: identical_placement_apply_writes_no_history
I/ForgeShape(24376): construction history selftest pass: placement_apply_is_applied
I/ForgeShape(24376): construction history selftest pass: placement_apply_is_one_step
I/ForgeShape(24376): construction history selftest pass: placement_apply_publishes_no_revision
I/ForgeShape(24376): construction history selftest pass: placement_undo_reports_success
I/ForgeShape(24376): construction history selftest pass: placement_undo_restores_all_six
I/ForgeShape(24376): construction history selftest pass: placement_undo_publishes_no_revision
I/ForgeShape(24376): construction history selftest pass: placement_redo_reports_success
I/ForgeShape(24376): construction history selftest pass: placement_redo_restores_all_six
I/ForgeShape(24376): construction history selftest pass: placement_history_preserves_the_rotation_convention
I/ForgeShape(24376): construction history selftest pass: placement_redo_publishes_no_revision
I/ForgeShape(24376): construction history selftest pass: transaction_opens
I/ForgeShape(24376): construction history selftest pass: transaction_refuses_to_nest
I/ForgeShape(24376): construction history selftest pass: transaction_reports_in_progress
I/ForgeShape(24376): construction history selftest pass: undo_is_refused_while_an_edit_is_open
I/ForgeShape(24376): construction history selftest pass: transaction_updates_move_live_state
I/ForgeShape(24376): construction history selftest pass: transaction_updates_write_no_history
I/ForgeShape(24376): construction history selftest pass: transaction_commit_records_a_step
I/ForgeShape(24376): construction history selftest pass: transaction_commit_is_exactly_one_step
I/ForgeShape(24376): construction history selftest pass: transaction_commit_closes_the_edit
I/ForgeShape(24376): construction history selftest pass: transaction_undo_returns_to_pre_state
I/ForgeShape(24376): construction history selftest pass: transaction_redo_returns_to_final_state
I/ForgeShape(24376): construction history selftest pass: cancel_restores_the_pre_state
I/ForgeShape(24376): construction history selftest pass: cancel_leaves_the_shape_alone
I/ForgeShape(24376): construction history selftest pass: cancel_records_no_step
I/ForgeShape(24376): construction history selftest pass: cancel_closes_the_edit
I/ForgeShape(24376): construction history selftest pass: creation_is_one_step
I/ForgeShape(24376): construction history selftest pass: creation_selects_the_new_body
I/ForgeShape(24376): construction history selftest pass: creation_appends_in_order
I/ForgeShape(24376): construction history selftest pass: creation_produces_the_chosen_primitive
I/ForgeShape(24376): construction history selftest pass: creation_undo_reports_success
I/ForgeShape(24376): construction history selftest pass: creation_undo_removes_the_body
I/ForgeShape(24376): construction history selftest pass: creation_undo_leaves_no_default_box_remnant
I/ForgeShape(24376): construction history selftest pass: creation_undo_leaves_a_valid_active_body
I/ForgeShape(24376): construction history selftest pass: creation_undo_does_not_touch_the_surviving_body
I/ForgeShape(24376): construction history selftest pass: creation_redo_reports_success
I/ForgeShape(24376): construction history selftest pass: creation_redo_restores_the_same_object_id
I/ForgeShape(24376): construction history selftest pass: creation_redo_restores_scene_position
I/ForgeShape(24376): construction history selftest pass: creation_redo_restores_the_primitive_and_parameters
I/ForgeShape(24376): construction history selftest pass: creation_redo_restores_the_placement
I/ForgeShape(24376): construction history selftest pass: creation_redo_reselects_the_restored_body
I/ForgeShape(24376): construction history selftest pass: creation_redo_republishes_the_body
I/ForgeShape(24376): construction history selftest pass: a_new_creation_after_an_undo_does_not_reuse_the_id
I/ForgeShape(24376): construction history selftest pass: a_new_creation_after_an_undo_clears_the_redo
I/ForgeShape(24376): construction history selftest pass: three_edits_are_three_steps
I/ForgeShape(24376): construction history selftest pass: undo_of_b_placement
I/ForgeShape(24376): construction history selftest pass: undo_of_b_placement_touches_only_b
I/ForgeShape(24376): construction history selftest pass: undo_of_b_creation
I/ForgeShape(24376): construction history selftest pass: undo_of_b_creation_leaves_a_alone
I/ForgeShape(24376): construction history selftest pass: undo_of_a_shape
I/ForgeShape(24376): construction history selftest pass: undo_of_a_shape_returns_the_default_box
I/ForgeShape(24376): construction history selftest pass: three_undos_empty_the_undo_stack
I/ForgeShape(24376): construction history selftest pass: redo_of_a_shape
I/ForgeShape(24376): construction history selftest pass: redo_of_a_shape_restores_a
I/ForgeShape(24376): construction history selftest pass: redo_of_b_creation
I/ForgeShape(24376): construction history selftest pass: redo_of_b_creation_restores_the_ordered_ids
I/ForgeShape(24376): construction history selftest pass: redo_of_b_placement
I/ForgeShape(24376): construction history selftest pass: redo_of_b_placement_restores_b
I/ForgeShape(24376): construction history selftest pass: three_redos_refill_the_undo_stack
I/ForgeShape(24376): construction history selftest pass: redo_is_available_after_an_undo
I/ForgeShape(24376): construction history selftest pass: a_rejected_apply_does_not_destroy_the_redo
I/ForgeShape(24376): construction history selftest pass: a_no_op_apply_does_not_destroy_the_redo
I/ForgeShape(24376): construction history selftest pass: an_empty_transaction_does_not_destroy_the_redo
I/ForgeShape(24376): construction history selftest pass: a_real_new_edit_destroys_the_redo
I/ForgeShape(24376): construction history selftest pass: selection_alone_records_no_step
I/ForgeShape(24376): construction history selftest pass: selection_alone_leaves_the_selection_where_it_was_put
I/ForgeShape(24376): construction history selftest pass: selection_back_records_no_step
I/ForgeShape(24376): construction history selftest pass: history_is_bounded
I/ForgeShape(24376): construction history selftest pass: eviction_is_deterministic_oldest_first
I/ForgeShape(24376): construction history selftest pass: an_exhausted_undo_stack_stops_cleanly
I/ForgeShape(24376): construction history selftest pass: every_evicted_step_is_still_redoable
I/ForgeShape(24376): construction history selftest pass: redo_after_eviction_reaches_the_final_state
I/ForgeShape(24376): construction history selftest pass: freeze_for_the_separation_case
I/ForgeShape(24376): construction history selftest pass: a_freeze_writes_no_construction_history
I/ForgeShape(24376): construction history selftest pass: a_freeze_leaves_the_source_current
I/ForgeShape(24376): construction history selftest pass: a_construction_edit_marks_the_sculpt_source_stale
I/ForgeShape(24376): construction history selftest pass: a_construction_edit_does_not_touch_sculpt_geometry
I/ForgeShape(24376): construction history selftest pass: construction_undo_does_not_touch_sculpt_geometry
I/ForgeShape(24376): construction history selftest pass: construction_undo_routes_through_the_stale_source_rule
I/ForgeShape(24376): construction history selftest pass: construction_redo_does_not_touch_sculpt_geometry
I/ForgeShape(24376): construction history selftest pass: a_redone_body_is_the_same_object
I/ForgeShape(24376): construction history selftest pass: a_redone_body_keeps_its_frozen_sculpt_mesh
I/ForgeShape(24376): construction history selftest pass: a_placement_undo_republishes_nothing
I/ForgeShape(24376): construction history selftest pass: a_placement_undo_restores_one_placement
I/ForgeShape(24376): construction history selftest pass: a_shape_undo_republishes_exactly_the_body_that_changed
I/ForgeShape(24376): construction history selftest pass: IMP01B_15_deleting_an_inactive_body_succeeds
I/ForgeShape(24376): construction history selftest pass: IMP01B_15_the_body_is_gone_from_the_scene
I/ForgeShape(24376): construction history selftest pass: IMP01B_15_the_bodies_that_remain_keep_their_order
I/ForgeShape(24376): construction history selftest pass: IMP01B_20_deleting_an_inactive_body_does_not_move_the_selection
I/ForgeShape(24376): construction history selftest pass: IMP01B_15_a_delete_is_exactly_one_history_step
I/ForgeShape(24376): construction history selftest pass: IMP01B_15_the_report_names_what_left
I/ForgeShape(24376): construction history selftest pass: IMP01B_18_delete_undo_succeeds
I/ForgeShape(24376): construction history selftest pass: IMP01B_18_the_body_comes_back_where_it_was
I/ForgeShape(24376): construction history selftest pass: IMP01B_18_and_the_selection_it_had
I/ForgeShape(24376): construction history selftest pass: IMP01B_19_delete_redo_succeeds
I/ForgeShape(24376): construction history selftest pass: IMP01B_19_the_same_body_leaves_again
I/ForgeShape(24376): construction history selftest pass: IMP01B_17_deleting_a_body_with_a_sculpt_mesh_succeeds
I/ForgeShape(24376): construction history selftest pass: IMP01B_17_and_takes_its_sculpt_state_out_of_the_scene_with_it
I/ForgeShape(24376): construction history selftest pass: IMP01B_20_the_selection_falls_to_a_body_that_still_exists
I/ForgeShape(24376): construction history selftest pass: IMP01B_18_the_deleted_body_returns
I/ForgeShape(24376): construction history selftest pass: IMP01B_18_with_the_same_frozen_sculpt_mesh
I/ForgeShape(24376): construction history selftest pass: IMP01B_18_and_the_same_published_revision_it_already_had
I/ForgeShape(24376): construction history selftest pass: IMP01B_18_and_the_body_it_sat_beside_is_untouched
I/ForgeShape(24376): construction history selftest pass: IMP01B_16_an_imported_body_can_be_added_for_the_case
I/ForgeShape(24376): construction history selftest pass: IMP01B_16_deleting_an_imported_body_succeeds
I/ForgeShape(24376): construction history selftest pass: IMP01B_16_it_is_gone
I/ForgeShape(24376): construction history selftest pass: IMP01B_18_the_imported_body_returns_with_its_geometry
I/ForgeShape(24376): construction history selftest pass: IMP01B_18_and_still_carries_its_name
I/ForgeShape(24376): construction history selftest pass: IMP01B_19_and_a_redo_removes_the_same_imported_body
I/ForgeShape(24376): construction history selftest pass: IMP01B_20_deleting_the_active_body_selects_the_next_one
I/ForgeShape(24376): construction history selftest pass: IMP01B_20_and_the_previous_one_when_it_was_last
I/ForgeShape(24376): construction history selftest pass: IMP01B_21_the_last_body_is_refused_by_name
I/ForgeShape(24376): construction history selftest pass: IMP01B_21_and_the_refusal_changes_nothing
I/ForgeShape(24376): construction history selftest pass: IMP01B_21_the_status_has_a_stable_name
I/ForgeShape(24376): construction history selftest pass: IMP01B_21_an_unknown_id_is_refused
I/ForgeShape(24376): construction history selftest pass: IMP01B_21_a_delete_under_an_open_edit_is_refused
I/ForgeShape(24376): construction history selftest pass: IMP01B_15_a_delete_does_not_roll_the_allocator_back
I/ForgeShape(24376): construction history selftest pass: IMP01B_15_and_the_next_creation_does_not_reuse_the_deleted_id
I/ForgeShape(24376): construction history selftest pass: clear_empties_both_stacks
I/ForgeShape(24376): construction history selftest pass: clear_does_not_move_the_scene
I/ForgeShape(24376): FORGESHAPE_CONSTRUCTION_HISTORY_SELFTEST_OK (147 checks)
I/ForgeShape(24376): gizmo selftest pass: mode_index_round_trips
I/ForgeShape(24376): gizmo selftest pass: unknown_mode_index_is_refused_not_clamped
I/ForgeShape(24376): gizmo selftest pass: space_index_round_trips
I/ForgeShape(24376): gizmo selftest pass: unknown_space_index_is_refused_not_clamped
I/ForgeShape(24376): gizmo selftest pass: handle_code_round_trips
I/ForgeShape(24376): gizmo selftest pass: unknown_handle_code_is_refused
I/ForgeShape(24376): gizmo selftest pass: axis_handle_codes_are_unchanged
I/ForgeShape(24376): gizmo selftest pass: axis_directions_are_the_world_axes
I/ForgeShape(24376): gizmo selftest pass: plane_handles_name_their_two_axes
I/ForgeShape(24376): gizmo selftest pass: plane_handles_borrow_the_perpendicular_hue
I/ForgeShape(24376): gizmo selftest pass: move_offers_axes_and_planes_and_no_uniform
I/ForgeShape(24376): gizmo selftest pass: rotate_offers_three_rings
I/ForgeShape(24376): gizmo selftest pass: scale_offers_axes_planes_and_uniform
I/ForgeShape(24376): gizmo selftest pass: translation_quantizer_is_the_identity
I/ForgeShape(24376): gizmo selftest pass: rotation_quantizer_is_the_identity
I/ForgeShape(24376): gizmo selftest pass: scale_quantizer_is_the_identity
I/ForgeShape(24376): gizmo selftest pass: placement_modifier_is_the_identity
I/ForgeShape(24376): gizmo selftest pass: the_world_basis_is_the_world_axes
I/ForgeShape(24376): gizmo selftest pass: the_local_basis_is_the_body_rotation_columns
I/ForgeShape(24376): gizmo selftest pass: a_mixed_local_basis_is_not_the_world_basis
I/ForgeShape(24376): gizmo selftest pass: body_scale_does_not_tilt_the_local_basis
I/ForgeShape(24376): gizmo selftest pass: projection_and_pick_ray_are_inverses
I/ForgeShape(24376): gizmo selftest pass: a_point_behind_the_eye_has_no_pixel
I/ForgeShape(24376): gizmo selftest pass: a_non_finite_point_has_no_pixel
I/ForgeShape(24376): gizmo selftest pass: a_degenerate_viewport_has_no_pixel
I/ForgeShape(24376): gizmo selftest pass: perspective_scale_doubles_at_twice_the_distance
I/ForgeShape(24376): gizmo selftest pass: orthographic_scale_is_depth_independent
I/ForgeShape(24376): gizmo selftest pass: drawn_handle_length_is_near_constant_in_pixels
I/ForgeShape(24376): gizmo selftest pass: every_hit_target_meets_the_48_unit_floor
I/ForgeShape(24376): gizmo selftest pass: the_plane_square_clears_the_axis_corridor
I/ForgeShape(24376): gizmo selftest pass: the_buffer_holds_exactly_the_vertices_it_declares
I/ForgeShape(24376): gizmo selftest pass: every_mode_draws_exactly_its_own_range
I/ForgeShape(24376): gizmo selftest pass: move_draws_a_neutral_pivot_mark_inside_the_dead_disc
I/ForgeShape(24376): gizmo selftest pass: rotate_draws_the_same_pivot_mark
I/ForgeShape(24376): gizmo selftest pass: scale_puts_a_handle_on_the_pivot_rather_than_a_mark
I/ForgeShape(24376): gizmo selftest pass: the_uniform_cube_is_drawn_as_a_double_outline
I/ForgeShape(24376): gizmo selftest pass: the_uniform_cube_is_larger_than_a_shaft_cube
I/ForgeShape(24376): gizmo selftest pass: a_plane_handle_is_a_crossed_square_not_a_bare_outline
I/ForgeShape(24376): gizmo selftest pass: a_held_handle_is_drawn_in_a_colour_no_axis_owns
I/ForgeShape(24376): gizmo selftest pass: and_the_handles_that_are_not_held_drop_away
I/ForgeShape(24376): gizmo selftest pass: closest_point_solves_a_perpendicular_ray
I/ForgeShape(24376): gizmo selftest pass: closest_point_solves_a_negative_parameter
I/ForgeShape(24376): gizmo selftest pass: closest_point_solves_a_skew_ray
I/ForgeShape(24376): gizmo selftest pass: a_near_parallel_ray_falls_back_to_the_plane
I/ForgeShape(24376): gizmo selftest pass: an_exactly_parallel_ray_is_unresolvable
I/ForgeShape(24376): gizmo selftest pass: a_non_finite_ray_is_unresolvable
I/ForgeShape(24376): gizmo selftest pass: a_degenerate_axis_is_unresolvable
I/ForgeShape(24376): gizmo selftest pass: ray_meets_the_y_ring_plane
I/ForgeShape(24376): gizmo selftest pass: an_edge_on_ring_plane_is_refused
I/ForgeShape(24376): gizmo selftest pass: a_non_finite_ray_meets_no_plane
I/ForgeShape(24376): gizmo selftest pass: signed_angle_has_a_sign
I/ForgeShape(24376): gizmo selftest pass: signed_angle_reverses_with_the_arguments
I/ForgeShape(24376): gizmo selftest pass: signed_angle_ignores_the_out_of_plane_component
I/ForgeShape(24376): gizmo selftest pass: a_degenerate_spoke_has_no_angle
I/ForgeShape(24376): gizmo selftest pass: unwrap_leaves_a_small_step_alone
I/ForgeShape(24376): gizmo selftest pass: unwrap_turns_a_near_full_turn_into_a_small_step
I/ForgeShape(24376): gizmo selftest pass: unwrap_survives_a_non_finite_step
I/ForgeShape(24376): gizmo selftest pass: accumulation_passes_a_full_turn
I/ForgeShape(24376): gizmo selftest pass: an_active_gizmo_is_visible
I/ForgeShape(24376): gizmo selftest pass: an_inactive_gizmo_is_invisible
I/ForgeShape(24376): gizmo selftest pass: entering_the_tool_selects_move_in_world
I/ForgeShape(24376): gizmo selftest pass: a_degenerate_viewport_draws_no_gizmo
I/ForgeShape(24376): gizmo selftest pass: move_and_rotate_take_either_space
I/ForgeShape(24376): gizmo selftest pass: scale_is_local_only
I/ForgeShape(24376): gizmo selftest pass: leaving_scale_restores_the_remembered_space
I/ForgeShape(24376): gizmo selftest pass: leaving_scale_restores_world_too
I/ForgeShape(24376): gizmo selftest pass: mode_and_space_changes_record_nothing
I/ForgeShape(24376): gizmo selftest pass: each_move_handle_is_hit_at_its_own_pixel
I/ForgeShape(24376): gizmo selftest pass: each_rotate_ring_is_hit_at_its_own_pixel
I/ForgeShape(24376): gizmo selftest pass: each_scale_handle_is_hit_at_its_own_pixel
I/ForgeShape(24376): gizmo selftest pass: a_pixel_far_from_every_handle_is_a_miss
I/ForgeShape(24376): gizmo selftest pass: the_pivot_is_not_a_move_handle
I/ForgeShape(24376): gizmo selftest pass: the_pivot_is_the_uniform_scale_handle
I/ForgeShape(24376): gizmo selftest pass: an_inactive_gizmo_hits_nothing
I/ForgeShape(24376): gizmo selftest pass: every_world_move_axis_moves_its_own_component
I/ForgeShape(24376): gizmo selftest pass: a_world_axis_move_touches_nothing_else
I/ForgeShape(24376): gizmo selftest pass: every_world_move_plane_moves_in_its_plane
I/ForgeShape(24376): gizmo selftest pass: a_world_plane_move_never_leaves_its_plane
I/ForgeShape(24376): gizmo selftest pass: a_local_move_axis_moves_along_the_body_own_axis
I/ForgeShape(24376): gizmo selftest pass: a_local_move_plane_stays_in_the_body_own_plane
I/ForgeShape(24376): gizmo selftest pass: world_and_local_move_are_different_answers
I/ForgeShape(24376): gizmo selftest pass: world_rotate_pre_multiplies_the_start_orientation
I/ForgeShape(24376): gizmo selftest pass: local_rotate_post_multiplies_the_start_orientation
I/ForgeShape(24376): gizmo selftest pass: world_and_local_rotate_are_different_answers
I/ForgeShape(24376): gizmo selftest pass: a_rotate_drag_leaves_position_and_scale_alone
I/ForgeShape(24376): gizmo selftest pass: a_ring_captures_its_pointer
I/ForgeShape(24376): gizmo selftest pass: a_ring_drag_passes_two_full_turns_without_canonicalising
I/ForgeShape(24376): gizmo selftest pass: an_unmixed_ring_drag_leaves_the_other_rotations_alone
I/ForgeShape(24376): gizmo selftest pass: a_ring_drag_leaves_position_alone
I/ForgeShape(24376): gizmo selftest pass: a_ring_drag_of_any_length_is_exactly_one_step
I/ForgeShape(24376): gizmo selftest pass: undo_restores_the_pre_rotate_placement
I/ForgeShape(24376): gizmo selftest pass: redo_restores_the_rotate_result
I/ForgeShape(24376): gizmo selftest pass: a_drag_through_the_singularity_stays_finite
I/ForgeShape(24376): gizmo selftest pass: a_drag_through_the_singularity_is_orientation_correct
I/ForgeShape(24376): gizmo selftest pass: cancelling_a_singular_drag_restores_exactly
I/ForgeShape(24376): gizmo selftest pass: scale_starts_at_a_factor_of_one
I/ForgeShape(24376): gizmo selftest pass: cancelling_a_scale_drag_restores_exactly
I/ForgeShape(24376): gizmo selftest pass: scale_starts_at_a_factor_of_one
I/ForgeShape(24376): gizmo selftest pass: cancelling_a_scale_drag_restores_exactly
I/ForgeShape(24376): gizmo selftest pass: scale_starts_at_a_factor_of_one
I/ForgeShape(24376): gizmo selftest pass: cancelling_a_scale_drag_restores_exactly
I/ForgeShape(24376): gizmo selftest pass: every_scale_axis_stretches_its_own_component
I/ForgeShape(24376): gizmo selftest pass: an_axis_scale_touches_nothing_else
I/ForgeShape(24376): gizmo selftest pass: every_scale_plane_stretches_its_two_components_together
I/ForgeShape(24376): gizmo selftest pass: uniform_scale_grows_every_component
I/ForgeShape(24376): gizmo selftest pass: uniform_scale_preserves_the_existing_ratios
I/ForgeShape(24376): gizmo selftest pass: scale_never_reaches_or_passes_zero
I/ForgeShape(24376): gizmo selftest pass: a_scale_drag_of_any_length_is_exactly_one_step
I/ForgeShape(24376): gizmo selftest pass: undo_restores_the_pre_scale_scale
I/ForgeShape(24376): gizmo selftest pass: redo_restores_the_scale_result
I/ForgeShape(24376): gizmo selftest pass: the_gizmo_size_ignores_the_body_scale
I/ForgeShape(24376): gizmo selftest pass: the_gizmo_basis_stays_unit_length_under_scale
I/ForgeShape(24376): gizmo selftest pass: a_handle_captures_its_pointer
I/ForgeShape(24376): gizmo selftest pass: a_drag_in_progress_records_nothing_yet
I/ForgeShape(24376): gizmo selftest pass: many_samples_moved_the_body
I/ForgeShape(24376): gizmo selftest pass: a_drag_of_any_length_is_exactly_one_step
I/ForgeShape(24376): gizmo selftest pass: the_drag_released_its_pointer
I/ForgeShape(24376): gizmo selftest pass: undo_restores_the_pre_drag_placement
I/ForgeShape(24376): gizmo selftest pass: redo_restores_the_drag_result
I/ForgeShape(24376): gizmo selftest pass: a_tap_on_a_handle_records_nothing
I/ForgeShape(24376): gizmo selftest pass: a_cancelled_drag_had_actually_moved_the_body
I/ForgeShape(24376): gizmo selftest pass: cancel_restores_all_nine_values_exactly
I/ForgeShape(24376): gizmo selftest pass: cancel_records_no_step
I/ForgeShape(24376): gizmo selftest pass: cancel_releases_the_capture
I/ForgeShape(24376): gizmo selftest pass: a_pointer_that_is_not_the_captured_one_moves_nothing
I/ForgeShape(24376): gizmo selftest pass: selection_moved_but_the_drag_did_not_retarget
I/ForgeShape(24376): gizmo selftest pass: the_drag_moved_only_the_body_it_started_on
I/ForgeShape(24376): gizmo selftest pass: a_second_begin_while_capturing_is_refused
I/ForgeShape(24376): gizmo selftest pass: mode_and_space_cannot_change_under_a_moving_finger
I/ForgeShape(24376): gizmo selftest pass: mode_changes_freely_when_nothing_is_held
I/ForgeShape(24376): gizmo selftest pass: an_edge_on_ring_never_produces_a_non_finite_rotation
I/ForgeShape(24376): gizmo selftest pass: an_edge_on_ring_leaves_the_placement_finite_after_cancel
I/ForgeShape(24376): gizmo selftest pass: a_near_parallel_move_never_produces_a_non_finite_position
I/ForgeShape(24376): gizmo selftest pass: a_near_parallel_move_that_refuses_capture_wrote_nothing
I/ForgeShape(24376): gizmo selftest pass: an_edge_on_scale_handle_refuses_or_stays_finite
I/ForgeShape(24376): gizmo selftest pass: two_gizmo_edits_and_one_creation_are_three_steps
I/ForgeShape(24376): gizmo selftest pass: the_second_edit_actually_scaled
I/ForgeShape(24376): gizmo selftest pass: the_newest_edit_undoes_first_and_touches_only_its_own_body
I/ForgeShape(24376): gizmo selftest pass: redo_puts_the_newest_edit_back
I/ForgeShape(24376): gizmo selftest pass: a_fresh_session_has_an_empty_history
I/ForgeShape(24376): gizmo selftest pass: a_seeded_shape_change_actually_changed_the_shape
I/ForgeShape(24376): gizmo selftest pass: seeding_leaves_the_history_empty
I/ForgeShape(24376): gizmo selftest pass: seeding_did_not_undo_the_seed
I/ForgeShape(24376): gizmo selftest pass: the_first_user_act_after_seeding_is_the_first_step
I/ForgeShape(24376): gizmo selftest pass: undoing_it_goes_back_to_the_seeded_state_not_before_it
I/ForgeShape(24376): gizmo selftest pass: uipref_visual_scale_defaults_to_one
I/ForgeShape(24376): gizmo selftest pass: uipref_visual_scale_bounds_are_the_documented_ones
I/ForgeShape(24376): gizmo selftest pass: uipref_visual_scale_refuses_out_of_range_and_non_finite_not_clamps
I/ForgeShape(24376): gizmo selftest pass: uipref_visual_scale_accepts_both_bounds
I/ForgeShape(24376): gizmo selftest pass: uipref_visual_scale_records_nothing
I/ForgeShape(24376): gizmo selftest pass: uipref_snapshot_carries_the_visual_scale_beside_the_camera_scale
I/ForgeShape(24376): gizmo selftest pass: uipref_every_handle_is_pickable_at_both_visual_bounds
I/ForgeShape(24376): gizmo selftest pass: uipref_handles_stand_further_out_at_a_larger_visual_size
I/ForgeShape(24376): gizmo selftest pass: uipref_the_hit_corridor_keeps_its_floor_at_the_smallest_size
I/ForgeShape(24376): gizmo selftest pass: uipref_the_same_pixel_drag_scales_by_the_same_factor_at_every_visual_size
I/ForgeShape(24376): gizmo selftest pass: uipref_a_uniform_drag_is_the_same_factor_at_every_visual_size
I/ForgeShape(24376): gizmo selftest pass: uipref_the_same_two_pixels_move_the_body_the_same_distance_at_every_size
I/ForgeShape(24376): gizmo selftest pass: uipref_regular_is_the_pre_preference_gizmo_byte_for_byte
I/ForgeShape(24376): gizmo selftest pass: uipref_the_regular_count_is_the_accepted_1116
I/ForgeShape(24376): gizmo selftest pass: uipref_thin_has_the_regular_count_and_different_bytes
I/ForgeShape(24376): gizmo selftest pass: uipref_bold_is_the_widest_recipe_and_sizes_the_buffer
I/ForgeShape(24376): gizmo selftest pass: uipref_a_too_small_capacity_writes_nothing
I/ForgeShape(24376): gizmo selftest pass: uipref_the_shaft_centre_line_is_identical_in_every_recipe
I/ForgeShape(24376): gizmo selftest pass: uipref_every_recipe_draws_contiguous_ordered_ranges
I/ForgeShape(24376): gizmo selftest pass: uipref_every_recipe_is_finite
I/ForgeShape(24376): gizmo selftest pass: uipref_the_two_argument_range_is_the_regular_range
I/ForgeShape(24376): gizmo selftest pass: uipref_stroke_recipes_are_the_documented_bundles
I/ForgeShape(24376): FORGESHAPE_GIZMO_SELFTEST_OK (167 checks)
I/ForgeShape(24376): project selftest pass: FSR1A_02_canonical_construction_document_encodes
I/ForgeShape(24376): project selftest pass: FSR1A_02_canonical_sculpt_document_encodes
I/ForgeShape(24376): project selftest pass: IMP01A_19_canonical_imported_only_document_encodes
I/ForgeShape(24376): project selftest pass: IMP01A_19_canonical_construction_imported_document_encodes
I/ForgeShape(24376): project selftest pass: IMP01A_19_canonical_mixed_imported_document_encodes
I/ForgeShape(24376): project selftest pass: IMP01A_19_the_imported_fixtures_roundtrip_bit_for_bit
I/ForgeShape(24376): project selftest pass: IMP01A_19_the_construction_imported_fixture_roundtrips_bit_for_bit
I/ForgeShape(24376): project selftest pass: IMP01A_19_the_mixed_imported_fixture_roundtrips_bit_for_bit
I/ForgeShape(24376): project selftest pass: IMP01B_11_canonical_imported_sculpt_document_encodes
I/ForgeShape(24376): project selftest pass: IMP01B_12_canonical_mixed_imported_sculpt_document_encodes
I/ForgeShape(24376): project selftest pass: IMP01B_11_the_imported_sculpt_fixture_roundtrips_bit_for_bit
I/ForgeShape(24376): project selftest pass: IMP01B_12_the_mixed_imported_sculpt_fixture_roundtrips_bit_for_bit
I/ForgeShape(24376): project selftest pass: CADR0_33_canonical_cad_rectangle_document_encodes
I/ForgeShape(24376): project selftest pass: CADR0_34_canonical_cad_circle_document_encodes
I/ForgeShape(24376): project selftest pass: CADR0_33_canonical_mixed_cad_document_encodes
I/ForgeShape(24376): project selftest pass: CADR0_33_the_cad_rectangle_fixture_roundtrips_bit_for_bit
I/ForgeShape(24376): project selftest pass: CADR0_34_the_cad_circle_fixture_roundtrips_bit_for_bit
I/ForgeShape(24376): project selftest pass: CADR0_33_the_mixed_cad_fixture_roundtrips_bit_for_bit
I/ForgeShape(24376): project selftest pass: CADR0_36_the_cad_bad_plane_fixture_is_refused_semantically
I/ForgeShape(24376): project selftest pass: CADA3_46_canonical_cad_face_cap_document_encodes
I/ForgeShape(24376): project selftest pass: CADA3_46_canonical_cad_face_side_document_encodes
I/ForgeShape(24376): project selftest pass: CADA3_46_canonical_cad_face_chain_document_encodes
I/ForgeShape(24376): project selftest pass: CADA3_46_canonical_mixed_cad_face_document_encodes
I/ForgeShape(24376): project selftest pass: CADA3_46_face_supported_fixtures_carry_cadb_v2_and_v1_fixtures_stay_v1
I/ForgeShape(24376): project selftest pass: CADA3_46_the_cad_face_cap_fixture_roundtrips_bit_for_bit
I/ForgeShape(24376): project selftest pass: CADA3_47_the_cad_face_side_fixture_roundtrips_bit_for_bit
I/ForgeShape(24376): project selftest pass: CADA3_48_the_cad_face_chain_fixture_roundtrips_bit_for_bit
I/ForgeShape(24376): project selftest pass: CADA3_49_the_mixed_cad_face_fixture_roundtrips_bit_for_bit
I/ForgeShape(24376): project selftest pass: CADA3_50_the_cad_bad_face_ref_fixture_is_refused_semantically
I/ForgeShape(24376): project selftest pass: CADA3_51_the_cad_dependency_cycle_fixture_is_refused_as_unresolvable
I/ForgeShape(24376): project selftest pass: FSR1A_12_sha256_known_answer
I/ForgeShape(24376): project selftest pass: FSR1A_01_magic_is_FORGESH1
I/ForgeShape(24376): project selftest pass: FSR1A_01_major_is_1_little_endian
I/ForgeShape(24376): project selftest pass: FSR1A_01_minor_is_0_little_endian
I/ForgeShape(24376): project selftest pass: FSR1A_01_header_is_28_bytes
I/ForgeShape(24376): project selftest pass: FSR1A_01_project_kind_is_construction
I/ForgeShape(24376): project selftest pass: FSR1A_01_header_flags_say_has_cons_only
I/ForgeShape(24376): project selftest pass: FSR1A_01_section_count_is_two_little_endian
I/ForgeShape(24376): project selftest pass: FSR1A_01_file_bytes_matches_actual_size
I/ForgeShape(24376): project selftest pass: FSR1A_01_first_section_is_scne
I/ForgeShape(24376): project selftest pass: FSR1A_01_scne_section_version_is_1
I/ForgeShape(24376): project selftest pass: FSR1A_01_scne_is_required
I/ForgeShape(24376): project selftest pass: FSR1A_01_scne_payload_is_the_format_arithmetic
I/ForgeShape(24376): project selftest pass: FSR1A_01_scne_crc_covers_the_payload
I/ForgeShape(24376): project selftest pass: FSR1A_01_scne_reserved_is_zero
I/ForgeShape(24376): project selftest pass: FSR1A_01_second_section_is_cons
I/ForgeShape(24376): project selftest pass: FSR1A_01_cons_payload_is_the_format_arithmetic
I/ForgeShape(24376): project selftest pass: FSR1A_01_sections_exactly_fill_the_file
I/ForgeShape(24376): project selftest pass: FSR1A_01_crc32_check_value
I/ForgeShape(24376): project selftest pass: FSR1A_02_same_document_encodes_byte_identically
I/ForgeShape(24376): project selftest pass: FSR1A_02_encode_decode_encode_is_byte_identical
I/ForgeShape(24376): project selftest pass: FSR1A_02_sculpt_document_encodes_byte_identically
I/ForgeShape(24376): project selftest pass: FSR1A_03_canonical_construction_decodes
I/ForgeShape(24376): project selftest pass: FSR1A_03_roundtrip_is_bit_identical
I/ForgeShape(24376): project selftest pass: FSR1A_03_scene_order_and_ids_survive
I/ForgeShape(24376): project selftest pass: FSR1A_03_active_body_survives
I/ForgeShape(24376): project selftest pass: FSR1A_03_all_six_kinds_survive
I/ForgeShape(24376): project selftest pass: FSR1A_03_remembered_inactive_parameters_survive
I/ForgeShape(24376): project selftest pass: FSR1A_03_370_degrees_is_not_canonicalized
I/ForgeShape(24376): project selftest pass: FSR1A_03_non_uniform_scale_survives
I/ForgeShape(24376): project selftest pass: FSR1A_03_allocator_high_water_mark_survives
I/ForgeShape(24376): project selftest pass: FSR1A_03_feature_identity_is_object_id_plus_local_feature_id
I/ForgeShape(24376): project selftest pass: FSR1A_03_construction_document_loads
I/ForgeShape(24376): project selftest pass: FSR1A_03_loaded_scene_has_every_body_in_order
I/ForgeShape(24376): project selftest pass: FSR1A_03_loaded_active_body_is_the_file_s
I/ForgeShape(24376): project selftest pass: FSR1A_03_next_minted_id_cannot_collide
I/ForgeShape(24376): project selftest pass: FSR1A_04_every_loaded_body_has_regenerated_geometry
I/ForgeShape(24376): project selftest pass: FSR1A_04_regenerated_geometry_is_far_larger_than_the_file
I/ForgeShape(24376): project selftest pass: FSR1A_04_file_size_is_exactly_the_semantic_arithmetic
I/ForgeShape(24376): project selftest pass: FSR1A_05_sculpt_document_decodes
I/ForgeShape(24376): project selftest pass: FSR1A_05_sculpt_roundtrip_is_bit_identical
I/ForgeShape(24376): project selftest pass: FSR1A_05_sculpt_flags_survive
I/ForgeShape(24376): project selftest pass: FSR1A_06_construction_companion_is_kept_beside_the_sculpt_branch
I/ForgeShape(24376): project selftest pass: FSR1A_05_sculpt_document_loads
I/ForgeShape(24376): project selftest pass: FSR1A_05_frozen_sculpt_mesh_is_rebuilt
I/ForgeShape(24376): project selftest pass: FSR1A_05_sculpt_vertex_float32_bits_survive_the_roundtrip
I/ForgeShape(24376): project selftest pass: FSR1A_05_sculpt_index_topology_survives
I/ForgeShape(24376): project selftest pass: FSR1A_05_source_stale_state_survives
I/ForgeShape(24376): project selftest pass: FSR1A_05_a_reopened_sculpt_mesh_still_reports_user_edits
I/ForgeShape(24376): project selftest pass: FSR1A_05_derived_adjacency_and_normals_are_rebuilt
I/ForgeShape(24376): project selftest pass: FSR1A_06_reopen_mode_is_sculpt
I/ForgeShape(24376): project selftest pass: FSR1A_06_active_body_is_the_sculpted_one
I/ForgeShape(24376): project selftest pass: FSR1A_06_active_representation_is_the_sculpt_mesh
I/ForgeShape(24376): project selftest pass: FSR1A_06_the_other_body_keeps_its_construction_representation
I/ForgeShape(24376): project selftest pass: FSR1A_06_sculpting_did_not_write_the_construction_source
I/ForgeShape(24376): project selftest pass: FSR1A_06_mixed_construction_project_keeps_the_sculpt_branch
I/ForgeShape(24376): project selftest pass: FSR1A_06_mixed_construction_project_reopens_in_construction
I/ForgeShape(24376): project selftest pass: FSR1A_07_bad_crc_is_refused
I/ForgeShape(24376): project selftest pass: FSR1A_07_a_failed_load_reports_the_reason
I/ForgeShape(24376): project selftest pass: FSR1A_07_a_failed_load_leaves_the_scene_untouched
I/ForgeShape(24376): project selftest pass: FSR1A_07_a_failed_load_leaves_the_active_body_untouched
I/ForgeShape(24376): project selftest pass: FSR1A_07_a_failed_load_leaves_the_mode_untouched
I/ForgeShape(24376): project selftest pass: FSR1A_13_a_failed_load_preserves_session_history
I/ForgeShape(24376): project selftest pass: FSR1A_08_a_truncated_file_is_refused
I/ForgeShape(24376): project selftest pass: FSR1A_08_an_empty_file_is_refused
I/ForgeShape(24376): project selftest pass: FSR1A_08_an_inconsistent_file_length_is_refused
I/ForgeShape(24376): project selftest pass: FSR1A_08_a_section_length_past_the_end_is_refused
I/ForgeShape(24376): project selftest pass: FSR1A_08_an_impossible_body_count_is_refused_before_allocation
I/ForgeShape(24376): project selftest pass: FSR1A_08_a_vertex_count_that_would_overflow_is_refused
I/ForgeShape(24376): project selftest pass: FSR1A_09_a_newer_major_is_refused_explicitly
I/ForgeShape(24376): project selftest pass: FSR1A_09_a_newer_minor_of_the_same_major_is_accepted
I/ForgeShape(24376): project selftest pass: FSR1A_09_a_newer_required_section_version_is_refused
I/ForgeShape(24376): project selftest pass: FSR1A_09_a_header_of_the_wrong_size_is_refused
I/ForgeShape(24376): project selftest pass: FSR1A_09_a_file_that_is_not_a_forge_file_is_refused
I/ForgeShape(24376): project selftest pass: FSR1A_10_an_unknown_optional_section_is_skipped
I/ForgeShape(24376): project selftest pass: FSR1A_10_skipping_an_optional_section_changes_nothing_else
I/ForgeShape(24376): project selftest pass: FSR1A_10_an_unknown_required_section_is_refused
I/ForgeShape(24376): project selftest pass: FSR1A_10_a_duplicate_required_singleton_section_is_refused
I/ForgeShape(24376): project selftest pass: FSR1A_10_a_reserved_section_flag_bit_is_refused
I/ForgeShape(24376): project selftest pass: FSR1A_10_a_non_zero_section_reserved_word_is_refused
I/ForgeShape(24376): project selftest pass: FSR1A_10_a_reserved_header_flag_bit_is_refused
I/ForgeShape(24376): project selftest pass: FSR1A_10_a_header_flag_that_no_section_backs_is_refused
I/ForgeShape(24376): project selftest pass: FSR1A_10_an_unknown_project_kind_is_refused
I/ForgeShape(24376): project selftest pass: FSR1A_10_a_duplicate_section_at_another_version_is_still_a_duplicate
I/ForgeShape(24376): project selftest pass: FSR1A_09_an_optional_companion_at_a_newer_version_is_skipped_not_refused
I/ForgeShape(24376): project selftest pass: FSR1A_09_a_document_this_build_cannot_evaluate_is_refused_at_the_load
I/ForgeShape(24376): project selftest pass: FSR1A_11_a_negative_dimension_is_refused
I/ForgeShape(24376): project selftest pass: FSR1A_11_an_invalid_document_encodes_nothing
I/ForgeShape(24376): project selftest pass: FSR1A_11_a_broken_capsule_relation_is_refused
I/ForgeShape(24376): project selftest pass: FSR1A_11_a_zero_scale_is_refused
I/ForgeShape(24376): project selftest pass: FSR1A_11_a_mirroring_negative_scale_is_refused
I/ForgeShape(24376): project selftest pass: FSR1A_11_a_non_finite_position_is_refused
I/ForgeShape(24376): project selftest pass: FSR1A_11_a_duplicate_object_id_is_refused
I/ForgeShape(24376): project selftest pass: FSR1A_11_the_reserved_no_object_id_is_refused
I/ForgeShape(24376): project selftest pass: FSR1A_11_an_allocator_that_could_mint_a_collision_is_refused
I/ForgeShape(24376): project selftest pass: FSR1A_11_an_active_body_no_section_carries_is_refused
I/ForgeShape(24376): project selftest pass: FSR1A_11_a_cons_body_scne_does_not_carry_is_refused
I/ForgeShape(24376): project selftest pass: FSR1A_11_a_body_with_no_primitive_source_feature_is_refused
I/ForgeShape(24376): project selftest pass: FSR1A_11_a_sculpt_index_out_of_range_is_refused
I/ForgeShape(24376): project selftest pass: FSR1A_11_an_index_count_that_is_not_triangles_is_refused
I/ForgeShape(24376): project selftest pass: FSR1A_11_a_scul_body_scne_does_not_carry_is_refused
I/ForgeShape(24376): project selftest pass: FSR1A_11_a_sculpt_project_whose_active_body_is_not_sculpted_is_refused
I/ForgeShape(24376): project selftest pass: IMP01B_11_an_imported_body_may_carry_a_sculpt_mesh
I/ForgeShape(24376): project selftest pass: IMP01B_12_one_document_may_hold_all_four_combinations
I/ForgeShape(24376): project selftest pass: IMP01B_11_the_three_pre_existing_combinations_are_still_valid
I/ForgeShape(24376): project selftest pass: IMP01B_11_a_body_claimed_by_both_cons_and_impt_is_still_refused
I/ForgeShape(24376): project selftest pass: IMP01B_11_a_scul_body_scne_does_not_carry_is_still_refused
I/ForgeShape(24376): project selftest pass: IMP01B_11_a_sculpt_project_whose_active_body_has_no_mesh_is_still_refused
I/ForgeShape(24376): project selftest pass: IMP01B_11_the_imported_sculpt_document_decodes
I/ForgeShape(24376): project selftest pass: IMP01B_11_and_this_build_can_evaluate_it
I/ForgeShape(24376): project selftest pass: IMP01B_11_an_imported_sculpt_project_loads
I/ForgeShape(24376): project selftest pass: IMP01B_11_as_one_imported_body_with_one_sculpt_mesh
I/ForgeShape(24376): project selftest pass: IMP01B_11_the_body_is_still_an_imported_mesh
I/ForgeShape(24376): project selftest pass: IMP01B_11_and_its_imported_geometry_came_back
I/ForgeShape(24376): project selftest pass: IMP01B_11_and_its_name
I/ForgeShape(24376): project selftest pass: IMP01B_11_and_its_sculpt_mesh_came_back_bit_for_bit
I/ForgeShape(24376): project selftest pass: IMP01B_11_the_restored_sculpt_mesh_keeps_its_sidedness
I/ForgeShape(24376): project selftest pass: IMP01B_09_and_the_reset_guard_still_knows_there_are_edits
I/ForgeShape(24376): project selftest pass: IMP01B_08_so_resume_sculpt_is_available
I/ForgeShape(24376): project selftest pass: IMP01B_11_and_the_sculpt_mesh_is_the_published_representation
I/ForgeShape(24376): project selftest pass: IMP01B_11_capturing_it_again_produces_the_same_document
I/ForgeShape(24376): project selftest pass: IMP01B_11_and_the_same_bytes
I/ForgeShape(24376): project selftest pass: IMP01B_12_the_mixed_document_decodes
I/ForgeShape(24376): project selftest pass: IMP01B_12_a_mixed_source_and_sculpt_project_loads
I/ForgeShape(24376): project selftest pass: IMP01B_12_with_every_body_and_every_sculpt_mesh
I/ForgeShape(24376): project selftest pass: IMP01B_12_a_plain_construction_body_has_no_sculpt_mesh
I/ForgeShape(24376): project selftest pass: IMP01B_12_a_construction_body_with_one_has_it
I/ForgeShape(24376): project selftest pass: IMP01B_12_a_plain_imported_body_has_none
I/ForgeShape(24376): project selftest pass: IMP01B_12_and_an_imported_body_with_one_has_it
I/ForgeShape(24376): project selftest pass: IMP01B_12_recapturing_the_mixed_project_produces_the_same_bytes
I/ForgeShape(24376): project selftest pass: IMP01B_11_the_fingerprint_sees_a_stroke_on_an_imported_body
I/ForgeShape(24376): project selftest pass: FSR1A_12_canonical_construction_fixture_matches_the_committed_digest
I/ForgeShape(24376): project selftest pass: FSR1A_12_canonical_sculpt_fixture_matches_the_committed_digest
I/ForgeShape(24376): project selftest pass: IMP01A_19_imported_only_fixture_matches_the_committed_digest
I/ForgeShape(24376): project selftest pass: IMP01A_19_construction_imported_fixture_matches_the_committed_digest
I/ForgeShape(24376): project selftest pass: IMP01A_19_mixed_imported_fixture_matches_the_committed_digest
I/ForgeShape(24376): project selftest pass: IMP01B_11_imported_sculpt_fixture_matches_the_committed_digest
I/ForgeShape(24376): project selftest pass: IMP01B_12_mixed_imported_sculpt_fixture_matches_the_committed_digest
I/ForgeShape(24376): project selftest pass: CADR0_33_cad_rectangle_fixture_matches_the_committed_digest
I/ForgeShape(24376): project selftest pass: CADR0_34_cad_circle_fixture_matches_the_committed_digest
I/ForgeShape(24376): project selftest pass: CADR0_33_mixed_cad_fixture_matches_the_committed_digest
I/ForgeShape(24376): project selftest pass: CADR0_36_cad_bad_plane_fixture_matches_the_committed_digest
I/ForgeShape(24376): project selftest pass: CADA3_46_cad_face_sketch_cap_fixture_matches_the_committed_digest
I/ForgeShape(24376): project selftest pass: CADA3_47_cad_face_sketch_side_fixture_matches_the_committed_digest
I/ForgeShape(24376): project selftest pass: CADA3_48_cad_face_chain_fixture_matches_the_committed_digest
I/ForgeShape(24376): project selftest pass: CADA3_49_mixed_cad_face_fixture_matches_the_committed_digest
I/ForgeShape(24376): project selftest pass: CADA3_50_cad_bad_face_ref_fixture_matches_the_committed_digest
I/ForgeShape(24376): project selftest pass: CADA3_51_cad_dependency_cycle_fixture_matches_the_committed_digest
I/ForgeShape(24376): project selftest pass: FSR1A_12_the_only_supported_major_is_1
I/ForgeShape(24376): project selftest pass: FSR1A_12_the_corpus_files_stay_loadable
I/ForgeShape(24376): project selftest pass: FSR1A_13_the_fixture_starts_with_recorded_history
I/ForgeShape(24376): project selftest pass: FSR1A_13_the_fixture_has_something_to_redo
I/ForgeShape(24376): project selftest pass: FSR1A_13_a_successful_load_clears_both_history_stacks
I/ForgeShape(24376): project selftest pass: FSR1A_13_a_post_load_edit_records_exactly_one_step
I/ForgeShape(24376): project selftest pass: FSR1A_13_a_post_load_undo_returns_the_loaded_value
I/ForgeShape(24376): project selftest pass: FSR1A_13_a_load_during_an_open_edit_is_refused
I/ForgeShape(24376): project selftest pass: FSR1A_14_the_scene_record_is_the_format_arithmetic
I/ForgeShape(24376): project selftest pass: FSR1A_14_the_construction_record_has_no_host_padding
I/ForgeShape(24376): project selftest pass: FSR1A_15_primitive_codes_are_file_owned_not_the_enum_abi
I/ForgeShape(24376): project selftest pass: FSR1A_15_an_unknown_primitive_code_is_refused
I/ForgeShape(24376): project selftest pass: FSR1A_15_a_binary64_field_reads_back_from_its_specified_offset
I/ForgeShape(24376): project selftest pass: FSR1A_15_the_file_carries_no_host_pointer_width
I/ForgeShape(24376): project selftest pass: FSR1B_01_the_fingerprint_is_stable_when_nothing_changes
I/ForgeShape(24376): project selftest pass: FSR1B_01_the_reopen_mode_changes_the_fingerprint
I/ForgeShape(24376): project selftest pass: FSR1B_01_a_shape_edit_changes_the_fingerprint
I/ForgeShape(24376): project selftest pass: FSR1B_02_a_refused_edit_leaves_the_fingerprint_alone
I/ForgeShape(24376): project selftest pass: FSR1B_02_an_identical_re_apply_leaves_the_fingerprint_alone
I/ForgeShape(24376): project selftest pass: FSR1B_01_a_placement_edit_changes_the_fingerprint
I/ForgeShape(24376): project selftest pass: FSR1B_01_an_undo_changes_the_fingerprint_that_counters_would_miss
I/ForgeShape(24376): project selftest pass: FSR1B_01_an_undo_returns_the_fingerprint_to_the_earlier_state
I/ForgeShape(24376): project selftest pass: FSR1B_01_adding_a_body_changes_the_fingerprint
I/ForgeShape(24376): project selftest pass: FSR1B_01_selecting_another_body_changes_the_fingerprint
I/ForgeShape(24376): project selftest pass: FSR1B_13_a_captured_document_is_exactly_its_semantic_arithmetic
I/ForgeShape(24376): project selftest pass: FSR1B_13_a_captured_document_carries_no_sculpt_branch_without_a_sculpt_mesh
I/ForgeShape(24376): project selftest pass: IMP01A_16_an_imported_body_writes_the_imported_branch
I/ForgeShape(24376): project selftest pass: IMP01A_16_and_no_construction_branch_is_invented_for_it
I/ForgeShape(24376): project selftest pass: IMP01A_16_an_imported_only_project_encodes
I/ForgeShape(24376): project selftest pass: IMP01A_16_and_decodes
I/ForgeShape(24376): project selftest pass: IMP01A_16_bit_for_bit_including_normals_and_batches
I/ForgeShape(24376): project selftest pass: IMP01A_16_the_encoder_is_deterministic
I/ForgeShape(24376): project selftest pass: IMP01A_16_the_name_survives_the_file
I/ForgeShape(24376): project selftest pass: IMP01A_16_an_imported_only_project_loads
I/ForgeShape(24376): project selftest pass: IMP01A_16_it_comes_back_as_one_imported_body
I/ForgeShape(24376): project selftest pass: IMP01A_16_with_no_construction_source
I/ForgeShape(24376): project selftest pass: IMP01A_16_and_the_same_geometry
I/ForgeShape(24376): project selftest pass: IMP01A_16_the_per_submesh_double_sided_answer_survives
I/ForgeShape(24376): project selftest pass: IMP01A_16_and_the_placement_survives
I/ForgeShape(24376): project selftest pass: IMP01A_16_a_reloaded_body_is_drawable
I/ForgeShape(24376): project selftest pass: IMP01A_16_re_encoding_the_loaded_project_is_byte_identical
I/ForgeShape(24376): project selftest pass: IMP01A_17_a_mixed_project_writes_both_branches
I/ForgeShape(24376): project selftest pass: IMP01A_17_construction_carries_only_the_bodies_that_have_a_source
I/ForgeShape(24376): project selftest pass: IMP01A_17_a_mixed_project_roundtrips
I/ForgeShape(24376): project selftest pass: IMP01A_17_a_mixed_project_loads_atomically
I/ForgeShape(24376): project selftest pass: IMP01A_17_with_both_representations_rebuilt
I/ForgeShape(24376): project selftest pass: IMP01A_17_the_imported_body_keeps_its_identity_and_order
I/ForgeShape(24376): project selftest pass: IMP01A_17_and_the_construction_bodies_keep_theirs
I/ForgeShape(24376): project selftest pass: IMP01A_18_the_fixture_freezes_a_sculpt_mesh
I/ForgeShape(24376): project selftest pass: IMP01A_18_all_three_branches_are_written
I/ForgeShape(24376): project selftest pass: IMP01A_18_all_three_roundtrip
I/ForgeShape(24376): project selftest pass: IMP01A_18_and_load_together
I/ForgeShape(24376): project selftest pass: IMP01A_19_a_project_with_no_imported_body_is_the_same_arithmetic
I/ForgeShape(24376): project selftest pass: IMP01A_19_and_its_header_flags_carry_no_imported_bit
I/ForgeShape(24376): project selftest pass: IMP01A_20_the_header_states_the_imported_branch
I/ForgeShape(24376): project selftest pass: IMP01A_20_the_imported_section_carries_the_required_bit
I/ForgeShape(24376): project selftest pass: IMP01A_20_an_uncanonical_name_is_refused
I/ForgeShape(24376): project selftest pass: IMP01A_20_an_empty_name_is_refused
I/ForgeShape(24376): project selftest pass: IMP01A_20_a_control_character_in_a_name_is_refused
I/ForgeShape(24376): project selftest pass: IMP01A_20_an_index_outside_the_vertex_array_is_refused
I/ForgeShape(24376): project selftest pass: IMP01A_20_a_normal_that_is_not_a_unit_direction_is_refused
I/ForgeShape(24376): project selftest pass: IMP01A_20_batches_that_do_not_tile_the_indices_are_refused
I/ForgeShape(24376): project selftest pass: IMP01A_20_one_normal_short_is_refused
I/ForgeShape(24376): project selftest pass: IMP01A_20_a_body_in_both_branches_is_refused
I/ForgeShape(24376): project selftest pass: IMP01B_11_a_sculpt_mesh_for_an_imported_body_is_accepted
I/ForgeShape(24376): project selftest pass: IMP01A_20_a_truncated_imported_file_is_refused
I/ForgeShape(24376): project selftest pass: IMP01A_20_a_flipped_bit_in_the_imported_payload_is_caught
I/ForgeShape(24376): project selftest pass: IMP01A_20_a_reserved_batch_flag_bit_is_refused
I/ForgeShape(24376): project selftest pass: IMP01A_20_a_refused_imported_load_changes_nothing
I/ForgeShape(24376): project selftest pass: DAR1_02_precondition_a_stroke_was_in_flight_when_the_load_began
I/ForgeShape(24376): project selftest pass: DAR1_02_a_load_closes_the_stroke_and_records_nothing_on_the_loaded_body
I/ForgeShape(24376): project selftest pass: DAR1_02_the_loaded_mesh_is_exactly_the_document_s
I/ForgeShape(24376): project selftest pass: DAR1_02_rebinding_mid_stroke_drops_the_stroke_and_records_it_nowhere
I/ForgeShape(24376): FORGESHAPE_PROJECT_GOLDEN_SHA256 construction=8830e7fbd8dcb803535d5c4f91e410dfca4c7a0cecc1202c9d2b1aa8553b9aaf sculpt=112b109731a43bf57a0f77b34794e7ce2529e056d9b18f061cd3c891f51a2784
I/ForgeShape(24376): FORGESHAPE_PROJECT_GOLDEN_SHA256_IMPORTED imported_only=0f42be318da9faf4aa780e152b8550171085a267882d5e6e69cc9ef29a1539a8 construction_imported=539e10e7a9e388ab1ca72867b78c1e461d3bbe0ef5876d87fa54bc6bd6ae7a51 mixed_imported=3fdc82a099da69b93552d7c84c56002ed8ae24ba7086ddbc6a69a9bbf671f1fb
I/ForgeShape(24376): FORGESHAPE_PROJECT_GOLDEN_SHA256_IMPORTED_SCULPT imported_sculpt=b82430cf6dbb82fddf075722d7ae335460f687d2a06cde09db43817323729f76 mixed_imported_sculpt=ab709ecea27ec29f21b6fbef126e8cdc15dc5c733d9b751bd1c8832907f27a2b
I/ForgeShape(24376): FORGESHAPE_PROJECT_GOLDEN_SHA256_CAD cad_rectangle=e2fd79c4070d1168ae883e064200438244c09a41bcf1682f9a0596b549d1b26b cad_circle=886b1538a1a20113316b7badcc7c6aaca6b17ccb54d3dcfed042ff41866e4559 mixed_cad=94f014cdc01fe8beaa14301ef2a99c0805a7e13afe1bca0126b29026882c93db cad_bad_plane=60476603b6c1b1e1cf6b785e863c953ee6aa63573c1a2453bd7db0935909aba9
I/ForgeShape(24376): FORGESHAPE_PROJECT_GOLDEN_SHA256_CAD_V2 cad_face_sketch_cap=4e4bdacc20954b063ef38d81a0c2c1c4bb4faff97255aea1e11d161bec560a86 cad_face_sketch_side=9afa0ae2036cc1c03ee2e49f42fe45c19e79a8f050c9c87a2202205e10ed5a3d cad_face_chain=24ad47b5b5d600a47860ccafc3a644fa22e3d0bde994c43d969567cb299580b7 mixed_cad_face=4b20f3c8ea05876850043dff28591f19855efa4c0566bebd43df11f1c0ff1529 cad_bad_face_ref=2f728f27393ff19b9dfa327be8b6598f26eb595dfe9a8c399a0db5e8cd50f564 cad_dependency_cycle=88072d355efa54f95e6d68c10d15c81a9cfebc0e2ed1f231255ebe5a42b117f0
I/ForgeShape(24376): FORGESHAPE_PROJECT_SELFTEST_OK (251 checks)
I/ForgeShape(24376): render recovery selftest pass: FSR1B_16_success_is_not_a_failure
I/ForgeShape(24376): render recovery selftest pass: FSR1B_16_expected_suboptimal_is_not_a_failure
I/ForgeShape(24376): render recovery selftest pass: FSR1B_16_unexpected_suboptimal_rebuilds_the_swapchain
I/ForgeShape(24376): render recovery selftest pass: FSR1B_16_out_of_date_rebuilds_the_swapchain
I/ForgeShape(24376): render recovery selftest pass: FSR1B_16_out_of_date_rebuilds_even_when_suboptimal_is_expected
I/ForgeShape(24376): render recovery selftest pass: FSR1B_16_surface_lost_is_its_own_kind
I/ForgeShape(24376): render recovery selftest pass: FSR1B_16_device_lost_is_its_own_kind
I/ForgeShape(24376): render recovery selftest pass: FSR1B_16_an_unknown_code_is_unrecoverable
I/ForgeShape(24376): render recovery selftest pass: FSR1B_16_a_new_policy_is_healthy
I/ForgeShape(24376): render recovery selftest pass: FSR1B_16_no_failure_continues
I/ForgeShape(24376): render recovery selftest pass: FSR1B_16_an_out_of_date_swapchain_is_not_a_lifecycle_event
I/ForgeShape(24376): render recovery selftest pass: FSR1B_16_a_lost_surface_is_owned_by_attach_detach
I/ForgeShape(24376): render recovery selftest pass: FSR1B_16_the_first_device_loss_rebuilds
I/ForgeShape(24376): render recovery selftest pass: FSR1B_16_a_successful_rebuild_returns_to_healthy
I/ForgeShape(24376): render recovery selftest pass: FSR1B_16_a_second_device_loss_still_rebuilds
I/ForgeShape(24376): render recovery selftest pass: FSR1B_16_the_third_device_loss_requires_a_restart
I/ForgeShape(24376): render recovery selftest pass: FSR1B_16_a_failed_rebuild_requires_a_restart_immediately
I/ForgeShape(24376): render recovery selftest pass: FSR1B_16_an_unrecoverable_failure_stops_at_once
I/ForgeShape(24376): render recovery selftest pass: FSR1B_16_nothing_restarts_a_stopped_renderer
I/ForgeShape(24376): render recovery selftest pass: FSR1B_16_a_late_rebuild_report_cannot_revive_a_stopped_renderer
I/ForgeShape(24376): render recovery selftest pass: FSR1B_16_a_forced_stop_is_terminal_and_spends_every_attempt
I/ForgeShape(24376): render recovery selftest pass: FSR1B_16_every_state_has_a_name
I/ForgeShape(24376): render recovery selftest pass: FSR1B_16_every_failure_kind_has_a_name
I/ForgeShape(24376): render recovery selftest pass: FSR1B_16_every_action_has_a_name
I/ForgeShape(24376): FORGESHAPE_RENDER_RECOVERY_SELFTEST_OK (24 checks)
I/ForgeShape(24376): gltf export selftest pass: FSR1C_01_an_ordinary_project_exports
I/ForgeShape(24376): gltf export selftest pass: FSR1C_01_the_envelope_parses
I/ForgeShape(24376): gltf export selftest pass: FSR1C_01_magic_is_glTF
I/ForgeShape(24376): gltf export selftest pass: FSR1C_01_version_is_2
I/ForgeShape(24376): gltf export selftest pass: FSR1C_01_declared_length_is_the_actual_length
I/ForgeShape(24376): gltf export selftest pass: FSR1C_01_first_chunk_is_JSON
I/ForgeShape(24376): gltf export selftest pass: FSR1C_01_second_chunk_is_BIN
I/ForgeShape(24376): gltf export selftest pass: FSR1C_01_both_chunks_are_four_byte_aligned
I/ForgeShape(24376): gltf export selftest pass: FSR1C_01_the_chunks_exactly_fill_the_file
I/ForgeShape(24376): gltf export selftest pass: FSR1C_01_json_is_padded_with_spaces_and_ends_in_an_object
I/ForgeShape(24376): gltf export selftest pass: FSR1C_01_the_asset_declares_gltf_2_0
I/ForgeShape(24376): gltf export selftest pass: FSR1C_01_the_generator_names_forgeshape_and_nothing_else
I/ForgeShape(24376): gltf export selftest pass: FSR1C_02_the_same_project_exports_byte_identically
I/ForgeShape(24376): gltf export selftest pass: FSR1C_02_reselecting_the_same_body_changes_no_byte
I/ForgeShape(24376): gltf export selftest pass: FSR1C_03_position_bounds_are_present
I/ForgeShape(24376): gltf export selftest pass: FSR1C_03_a_one_metre_box_is_one_unit_across
I/ForgeShape(24376): gltf export selftest pass: FSR1C_03_there_is_no_hidden_millimetre_conversion
I/ForgeShape(24376): gltf export selftest pass: FSR1C_03_the_box_is_centred_on_its_local_origin
I/ForgeShape(24376): gltf export selftest pass: FSR1C_04_width_stays_on_X
I/ForgeShape(24376): gltf export selftest pass: FSR1C_04_height_stays_on_Y_which_is_up
I/ForgeShape(24376): gltf export selftest pass: FSR1C_04_depth_stays_on_Z
I/ForgeShape(24376): gltf export selftest pass: FSR1C_04_the_scene_lists_exactly_the_body_nodes
I/ForgeShape(24376): gltf export selftest pass: FSR1C_04_there_is_no_extra_conversion_node
I/ForgeShape(24376): gltf export selftest pass: FSR1C_04_no_node_carries_a_matrix
I/ForgeShape(24376): gltf export selftest pass: FSR1C_04_an_unplaced_body_exports_a_zero_translation
I/ForgeShape(24376): gltf export selftest pass: FSR1C_05_the_node_translation_is_the_model_matrix_last_column
I/ForgeShape(24376): gltf export selftest pass: FSR1C_05_and_is_the_authored_position_in_metres
I/ForgeShape(24376): gltf export selftest pass: FSR1C_05_translation_is_not_multiplied_by_the_scale
I/ForgeShape(24376): gltf export selftest pass: FSR1C_05_the_node_writes_no_rotation
I/ForgeShape(24376): gltf export selftest pass: FSR1C_05_the_node_writes_no_scale
I/ForgeShape(24376): gltf export selftest pass: FSR1C_05_the_node_writes_no_matrix
I/ForgeShape(24376): gltf export selftest pass: FSR1C_06_moving_a_body_does_not_move_its_vertices
I/ForgeShape(24376): gltf export selftest pass: FSR1C_06_local_geometry_still_straddles_the_local_origin
I/ForgeShape(24376): gltf export selftest pass: FSR1C_06_the_placement_travels_on_the_node
I/ForgeShape(24376): gltf export selftest pass: FSR1C_07_every_body_becomes_one_node_and_one_mesh
I/ForgeShape(24376): gltf export selftest pass: FSR1C_07_the_scene_lists_them_in_scene_order
I/ForgeShape(24376): gltf export selftest pass: FSR1C_07_node_names_are_derived_from_the_object_id
I/ForgeShape(24376): gltf export selftest pass: FSR1C_07_and_appear_in_scene_order
I/ForgeShape(24376): gltf export selftest pass: FSR1C_07_there_are_three_accessors_per_body
I/ForgeShape(24376): gltf export selftest pass: FSR1C_08_a_source_change_changes_the_export
I/ForgeShape(24376): gltf export selftest pass: FSR1C_08_the_export_is_evaluated_from_the_current_parameters
I/ForgeShape(24376): gltf export selftest pass: FSR1C_09_the_fixture_freezes
I/ForgeShape(24376): gltf export selftest pass: FSR1C_09_the_two_representations_export_differently
I/ForgeShape(24376): gltf export selftest pass: FSR1C_09_the_sculpt_export_carries_the_edited_vertex
I/ForgeShape(24376): gltf export selftest pass: FSR1C_09_a_construction_project_still_exports_the_source_shape
I/ForgeShape(24376): gltf export selftest pass: FSR1C_09_the_snapshot_reports_the_sculpt_source
I/ForgeShape(24376): gltf export selftest pass: FSR1C_09_and_reports_the_construction_source
I/ForgeShape(24376): gltf export selftest pass: FSR1C_11_the_position_count_is_the_vertex_count
I/ForgeShape(24376): gltf export selftest pass: FSR1C_11_every_buffer_view_lies_inside_the_bin_chunk
I/ForgeShape(24376): gltf export selftest pass: FSR1C_11_every_buffer_view_is_four_byte_aligned
I/ForgeShape(24376): gltf export selftest pass: FSR1C_11_the_declared_bounds_hold_for_the_written_positions
I/ForgeShape(24376): gltf export selftest pass: FSR1C_11_no_position_is_non_finite
I/ForgeShape(24376): gltf export selftest pass: FSR1C_10_every_written_normal_is_unit_length_or_exactly_zero
I/ForgeShape(24376): gltf export selftest pass: FSR1C_11_every_index_is_inside_the_vertex_range
I/ForgeShape(24376): gltf export selftest pass: FSR1C_10_every_triangle_winds_counter_clockwise_seen_from_outside
I/ForgeShape(24376): gltf export selftest pass: FSR1C_10_the_primitive_mode_is_triangles
I/ForgeShape(24376): gltf export selftest pass: FSR1C_10_indices_are_unsigned_int
I/ForgeShape(24376): gltf export selftest pass: FSR1C_12_an_empty_scene_exports_nothing_and_says_why
I/ForgeShape(24376): gltf export selftest pass: FSR1C_12_a_good_scene_captures
I/ForgeShape(24376): gltf export selftest pass: FSR1C_12_a_non_finite_placement_is_refused_by_the_writer
I/ForgeShape(24376): gltf export selftest pass: FSR1C_12_a_non_finite_bake_matrix_is_refused_by_the_writer
I/ForgeShape(24376): gltf export selftest pass: FSR1C_12_an_out_of_range_index_is_refused
I/ForgeShape(24376): gltf export selftest pass: FSR1C_12_an_index_count_that_is_not_triangles_is_refused
I/ForgeShape(24376): gltf export selftest pass: FSR1C_12_an_empty_mesh_is_refused
I/ForgeShape(24376): gltf export selftest pass: FSR1C_12_every_status_has_a_name
I/ForgeShape(24376): gltf export selftest pass: FSR1C_C1_04_model_is_exactly_translation_times_local
I/ForgeShape(24376): gltf export selftest pass: FSR1C_C1_05_the_local_matrix_has_no_translation
I/ForgeShape(24376): gltf export selftest pass: FSR1C_C1_04_the_comparison_mesh_builds
I/ForgeShape(24376): gltf export selftest pass: FSR1C_C1_04_every_written_position_is_L_times_the_source_position
I/ForgeShape(24376): gltf export selftest pass: FSR1C_C1_05_the_baked_bounds_are_not_recentred_on_the_geometry
I/ForgeShape(24376): gltf export selftest pass: FSR1C_C1_05_the_pivot_is_the_local_origin_positioned_by_the_node
I/ForgeShape(24376): gltf export selftest pass: FSR1C_C1_07_position_bounds_are_recomputed_from_the_baked_vertices
I/ForgeShape(24376): gltf export selftest pass: FSR1C_C1_07_and_the_recomputed_bounds_hold
I/ForgeShape(24376): gltf export selftest pass: FSR1C_C1_06_the_normal_matrix_is_the_inverse_transpose_of_L
I/ForgeShape(24376): gltf export selftest pass: FSR1C_C1_06_every_baked_normal_is_unit_length
I/ForgeShape(24376): gltf export selftest pass: FSR1C_C1_06_and_is_not_what_carrying_it_by_L_would_give
I/ForgeShape(24376): gltf export selftest pass: FSR1C_C1_08_a_positive_scale_captures
I/ForgeShape(24376): gltf export selftest pass: FSR1C_C1_08_the_determinant_is_the_scale_product_and_positive
I/ForgeShape(24376): gltf export selftest pass: FSR1C_C1_08_a_mirrored_bake_is_refused_and_never_compensated
I/ForgeShape(24376): gltf export selftest pass: FSR1C_C1_08_a_singular_bake_is_refused
I/ForgeShape(24376): gltf export selftest pass: FSR1C_C1_08_the_domain_still_refuses_a_negative_scale
I/ForgeShape(24376): gltf export selftest pass: FSR1C_C1_08_and_a_zero_scale
I/ForgeShape(24376): gltf export selftest pass: FSR1C_C1_09_a_second_body_is_added
I/ForgeShape(24376): gltf export selftest pass: FSR1C_C1_09_two_bodies_are_two_nodes
I/ForgeShape(24376): gltf export selftest pass: FSR1C_C1_09_the_unscaled_body_is_unchanged
I/ForgeShape(24376): gltf export selftest pass: FSR1C_C1_09_and_the_scaled_body_baked_only_its_own_scale
I/ForgeShape(24376): gltf export selftest pass: FSR1C_C1_10_the_fixture_freezes
I/ForgeShape(24376): gltf export selftest pass: FSR1C_C1_10_a_sculpt_project_captures
I/ForgeShape(24376): gltf export selftest pass: FSR1C_C1_10_and_reports_the_sculpt_source
I/ForgeShape(24376): gltf export selftest pass: FSR1C_C1_10_the_sculpt_geometry_carries_the_bodys_own_scale
I/ForgeShape(24376): gltf export selftest pass: FSR1C_C1_10_and_the_node_still_carries_only_the_translation
I/ForgeShape(24376): gltf export selftest pass: FSR1C_C1_11_the_same_baked_snapshot_exports_byte_identically
I/ForgeShape(24376): gltf export selftest pass: FSR1C_C1_11_and_is_not_empty
I/ForgeShape(24376): FORGESHAPE_GLTF_EXPORT_SELFTEST_OK (93 checks)
I/ForgeShape(24376): gltf import selftest pass: GLBIR0_JSON_an_ordinary_document_parses
I/ForgeShape(24376): gltf import selftest pass: GLBIR0_JSON_a_number_member_reads
I/ForgeShape(24376): gltf import selftest pass: GLBIR0_JSON_an_array_has_its_elements
I/ForgeShape(24376): gltf import selftest pass: GLBIR0_JSON_reading_past_an_array_is_a_null_not_a_crash
I/ForgeShape(24376): gltf import selftest pass: GLBIR0_JSON_a_string_member_reads
I/ForgeShape(24376): gltf import selftest pass: GLBIR0_JSON_a_bool_member_reads
I/ForgeShape(24376): gltf import selftest pass: GLBIR0_JSON_a_missing_member_is_absent_not_zero
I/ForgeShape(24376): gltf import selftest pass: GLBIR0_JSON_asking_a_string_for_a_number_fails
I/ForgeShape(24376): gltf import selftest pass: GLBIR0_JSON_nan_is_not_a_number
I/ForgeShape(24376): gltf import selftest pass: GLBIR0_JSON_infinity_is_not_a_number
I/ForgeShape(24376): gltf import selftest pass: GLBIR0_JSON_an_overflowing_literal_is_refused
I/ForgeShape(24376): gltf import selftest pass: GLBIR0_JSON_a_trailing_comma_is_refused
I/ForgeShape(24376): gltf import selftest pass: GLBIR0_JSON_a_leading_zero_is_refused
I/ForgeShape(24376): gltf import selftest pass: GLBIR0_JSON_an_unterminated_string_is_refused
I/ForgeShape(24376): gltf import selftest pass: GLBIR0_JSON_a_second_document_is_refused
I/ForgeShape(24376): gltf import selftest pass: GLBIR0_JSON_deep_nesting_is_bounded
I/ForgeShape(24376): gltf import selftest pass: GLBIR0_JSON_a_refused_parse_keeps_nothing
I/ForgeShape(24376): gltf import selftest pass: GLBIR0_JSON_trailing_space_padding_is_accepted
I/ForgeShape(24376): gltf import selftest pass: GLBIR0_01_the_export_produced_bytes
I/ForgeShape(24376): gltf import selftest pass: GLBIR0_01_a_real_forgeshape_export_parses
I/ForgeShape(24376): gltf import selftest pass: GLBIR0_01_one_body_is_one_imported_mesh
I/ForgeShape(24376): gltf import selftest pass: GLBIR0_05_the_node_translation_is_read_exactly
I/ForgeShape(24376): gltf import selftest pass: GLBIR0_05_no_axis_conversion_is_applied
I/ForgeShape(24376): gltf import selftest pass: GLBIR0_04_positions_decode_to_the_authored_box
I/ForgeShape(24376): gltf import selftest pass: GLBIR0_04_a_box_decodes_to_twelve_triangles
I/ForgeShape(24376): gltf import selftest pass: GLBIR0_04_there_is_one_normal_per_position
I/ForgeShape(24376): gltf import selftest pass: GLBIR0_04_every_decoded_normal_is_unit_length
I/ForgeShape(24376): gltf import selftest pass: GLBIR0_04_every_decoded_index_is_in_range
I/ForgeShape(24376): gltf import selftest pass: GLBIR0_05_the_node_translation_is_baked_into_the_positions
I/ForgeShape(24376): gltf import selftest pass: GLBIR0_05_world_position_reads_the_baked_position
I/ForgeShape(24376): gltf import selftest pass: GLBIR0_03_no_data_is_refused
I/ForgeShape(24376): gltf import selftest pass: GLBIR0_03_a_wrong_magic_is_refused
I/ForgeShape(24376): gltf import selftest pass: GLBIR0_03_an_unsupported_container_version_is_refused
I/ForgeShape(24376): gltf import selftest pass: GLBIR0_03_a_truncated_file_is_refused
I/ForgeShape(24376): gltf import selftest pass: GLBIR0_03_a_file_that_lies_about_its_own_length_is_refused
I/ForgeShape(24376): gltf import selftest pass: GLBIR0_03_a_file_shorter_than_a_header_is_refused
I/ForgeShape(24376): gltf import selftest pass: GLBIR0_06_the_json_chunk_was_recovered
I/ForgeShape(24376): gltf import selftest pass: GLBIR1_02_a_node_stating_both_a_matrix_and_a_trs_is_refused
I/ForgeShape(24376): gltf import selftest pass: GLBIR1_04_a_non_finite_node_scale_is_refused
I/ForgeShape(24376): gltf import selftest pass: GLBIR1_04_a_zero_node_scale_is_refused
I/ForgeShape(24376): gltf import selftest pass: GLBIR1_04_a_flattened_node_matrix_is_refused
I/ForgeShape(24376): gltf import selftest pass: GLBIR1_04_a_non_affine_node_matrix_is_refused
I/ForgeShape(24376): gltf import selftest pass: GLBIR0_06_a_node_with_children_is_refused
I/ForgeShape(24376): gltf import selftest pass: GLBIR0_07_an_external_buffer_uri_is_refused
I/ForgeShape(24376): gltf import selftest pass: GLBIR0_07_a_required_extension_is_refused
I/ForgeShape(24376): gltf import selftest pass: GLBIR0_07_animation_is_refused
I/ForgeShape(24376): gltf import selftest pass: GLBIR0_07_skinning_is_refused
I/ForgeShape(24376): gltf import selftest pass: GLBIR0_07_a_sparse_accessor_is_refused
I/ForgeShape(24376): gltf import selftest pass: GLBIR0_07_morph_targets_are_refused
I/ForgeShape(24376): gltf import selftest pass: GLBIR0_07_a_non_triangle_primitive_is_refused
I/ForgeShape(24376): gltf import selftest pass: GLBIR0_07_an_image_is_refused
I/ForgeShape(24376): gltf import selftest pass: GLBIR0_07_a_missing_POSITION_is_refused
I/ForgeShape(24376): gltf import selftest pass: GLBIR1_12_an_unknown_custom_attribute_is_refused
I/ForgeShape(24376): gltf import selftest pass: GLBIR1_08_a_non_indexed_primitive_is_refused
I/ForgeShape(24376): gltf import selftest pass: GLBIR0_07_an_unsupported_asset_version_is_refused
I/ForgeShape(24376): gltf import selftest pass: GLBIR0_07_an_interleaved_buffer_view_is_refused
I/ForgeShape(24376): gltf import selftest pass: GLBIR0_06_an_explicit_identity_rotation_and_scale_are_accepted
I/ForgeShape(24376): gltf import selftest pass: GLBIR0_03_a_malformed_json_chunk_is_refused
I/ForgeShape(24376): gltf import selftest pass: GLBIR0_03_an_accessor_reading_past_its_view_is_refused
I/ForgeShape(24376): gltf import selftest pass: GLBIR0_13_a_construction_scene_roundtrips_as_equivalent
I/ForgeShape(24376): gltf import selftest pass: GLBIR0_13_both_bodies_were_compared
I/ForgeShape(24376): gltf import selftest pass: GLBIR0_13_counts_and_topology_agree_per_body
I/ForgeShape(24376): gltf import selftest pass: GLBIR0_15_the_max_world_position_delta_is_within_float32_quantization
I/ForgeShape(24376): gltf import selftest pass: GLBIR0_16_the_max_world_normal_delta_is_within_tolerance
I/ForgeShape(24376): gltf import selftest pass: GLBIR0_15_the_report_names_the_verdict_and_the_worst_vertex
I/ForgeShape(24376): gltf import selftest pass: GLBIR0_13_a_real_disagreement_is_reported_as_a_mismatch
I/ForgeShape(24376): gltf import selftest pass: GLBIR0_15_and_the_mismatch_reports_which_body_and_how_far
I/ForgeShape(24376): gltf import selftest pass: GLBIR0_14_the_fixture_freezes
I/ForgeShape(24376): gltf import selftest pass: GLBIR0_14_a_sculpt_scene_roundtrips_as_equivalent
I/ForgeShape(24376): gltf import selftest pass: GLBIR0_14_the_compared_representation_is_the_sculpt_mesh
I/ForgeShape(24376): gltf import selftest pass: GLBIR0_14_the_sculpt_max_delta_is_within_tolerance
I/ForgeShape(24376): gltf import selftest pass: GLBIR0_14_the_construction_representation_is_a_different_geometry
I/ForgeShape(24376): gltf import selftest pass: GLBIR0_08_the_fixture_imports
I/ForgeShape(24376): gltf import selftest pass: GLBIR0_08_the_preview_loads
I/ForgeShape(24376): gltf import selftest pass: GLBIR0_08_loading_does_not_show
I/ForgeShape(24376): gltf import selftest pass: GLBIR0_08_it_shows_when_asked
I/ForgeShape(24376): gltf import selftest pass: GLBIR0_08_the_counts_are_the_files_own
I/ForgeShape(24376): gltf import selftest pass: GLBIR0_08_every_preview_key_is_reserved_and_is_not_a_body_id
I/ForgeShape(24376): gltf import selftest pass: GLBIR0_08_the_scene_allocator_cannot_reach_the_reserved_range
I/ForgeShape(24376): gltf import selftest pass: GLBIR0_08_the_preview_added_no_body
I/ForgeShape(24376): gltf import selftest pass: GLBIR0_08_the_active_body_is_unchanged
I/ForgeShape(24376): gltf import selftest pass: GLBIR0_08_the_preview_has_no_construction_or_sculpt_representation
I/ForgeShape(24376): gltf import selftest pass: GLBIR0_08_the_draw_item_model_is_identity_because_the_transform_is_baked
I/ForgeShape(24376): gltf import selftest pass: GLBIR0_08_and_an_identity_normal_matrix_for_the_same_reason
I/ForgeShape(24376): gltf import selftest pass: GLBIR0_08_and_the_files_translation_is_in_the_vertices
I/ForgeShape(24376): gltf import selftest pass: GLBIR0_12_clear_releases_the_preview
I/ForgeShape(24376): gltf import selftest pass: GLBIR0_12_visible_cannot_be_true_with_nothing_loaded
I/ForgeShape(24376): gltf import selftest pass: GLBIR0_12_a_reload_works
I/ForgeShape(24376): gltf import selftest pass: GLBIR0_12_an_empty_scene_is_refused
I/ForgeShape(24376): gltf import selftest pass: GLBIR0_12_and_the_previous_preview_survives_the_refusal
I/ForgeShape(24376): gltf import selftest pass: GLBIR1_19_the_nomad_like_fixture_imports
I/ForgeShape(24376): gltf import selftest pass: GLBIR1_19_it_is_one_node_and_one_mesh
I/ForgeShape(24376): gltf import selftest pass: GLBIR1_06_all_seven_primitives_survive
I/ForgeShape(24376): gltf import selftest pass: GLBIR1_07_a_shared_POSITION_accessor_is_decoded_once
I/ForgeShape(24376): gltf import selftest pass: GLBIR1_06_every_triangle_survives
I/ForgeShape(24376): gltf import selftest pass: GLBIR1_06_the_batches_tile_the_index_array_exactly
I/ForgeShape(24376): gltf import selftest pass: GLBIR1_13_the_fixtures_material_is_double_sided
I/ForgeShape(24376): gltf import selftest pass: GLBIR1_03_the_matrix_translation_column_is_read_as_a_column
I/ForgeShape(24376): gltf import selftest pass: GLBIR1_01_the_node_matrix_is_baked_into_the_positions
I/ForgeShape(24376): gltf import selftest pass: GLBIR1_05_a_positive_determinant_needs_no_winding_correction
I/ForgeShape(24376): gltf import selftest pass: GLBIR1_09_the_fixture_carries_no_NORMAL_so_normals_were_generated
I/ForgeShape(24376): gltf import selftest pass: GLBIR1_09_every_generated_normal_is_finite_and_unit_length
I/ForgeShape(24376): gltf import selftest pass: GLBIR1_14_extras_are_ignored_and_only_the_node_name_is_kept
I/ForgeShape(24376): gltf import selftest pass: GLBIR1_19_the_fixture_is_byte_deterministic
I/ForgeShape(24376): gltf import selftest pass: GLBIR1_19_the_fixture_loads_as_a_preview
I/ForgeShape(24376): gltf import selftest pass: GLBIR1_19_one_draw_batch_per_primitive
I/ForgeShape(24376): gltf import selftest pass: GLBIR1_19_the_reported_counts_are_the_files_own
I/ForgeShape(24376): gltf import selftest pass: GLBIR1_13_a_double_sided_material_reaches_preview_culling
I/ForgeShape(24376): gltf import selftest pass: GLBIR1_19_every_batch_key_is_reserved_and_carries_an_identity_model
I/ForgeShape(24376): gltf import selftest pass: GLBIR1_12_the_fixture_json_was_recovered
I/ForgeShape(24376): gltf import selftest pass: GLBIR1_12_a_colour_accessor_that_does_not_exist_is_refused
I/ForgeShape(24376): gltf import selftest pass: GLBIR1_12_a_colour_accessor_that_disagrees_on_count_is_refused
I/ForgeShape(24376): gltf import selftest pass: GLBIR1_15_a_required_compression_extension_is_still_refused
I/ForgeShape(24376): gltf import selftest pass: GLBIR1_15_meshopt_compression_is_still_refused
I/ForgeShape(24376): gltf import selftest pass: GLBIR1_15_animation_is_still_refused
I/ForgeShape(24376): gltf import selftest pass: GLBIR1_15_skinning_is_still_refused
I/ForgeShape(24376): gltf import selftest pass: GLBIR1_15_morph_targets_are_still_refused
I/ForgeShape(24376): gltf import selftest pass: GLBIR1_15_an_external_buffer_is_still_refused
I/ForgeShape(24376): gltf import selftest pass: GLBIR1_15_an_image_is_still_refused
I/ForgeShape(24376): gltf import selftest pass: GLBIR1_15_child_nodes_are_refused_by_name_not_flattened
I/ForgeShape(24376): gltf import selftest pass: GLBIR1_02_a_trs_node_imports
I/ForgeShape(24376): gltf import selftest pass: GLBIR1_02_trs_composes_as_translation_rotation_scale
I/ForgeShape(24376): gltf import selftest pass: GLBIR1_02_a_node_with_no_transform_is_the_identity
I/ForgeShape(24376): gltf import selftest pass: GLBIR1_05_a_negative_determinant_corrects_the_winding
I/ForgeShape(24376): gltf import selftest pass: GLBIR1_05_and_mirrors_the_positions_it_was_told_to
I/ForgeShape(24376): gltf import selftest pass: GLBIR1_08_uint16_indices_decode
I/ForgeShape(24376): gltf import selftest pass: GLBIR1_08_an_index_past_the_last_vertex_is_refused
I/ForgeShape(24376): gltf import selftest pass: GLBIR1_08_an_index_count_that_is_not_triangles_is_refused
I/ForgeShape(24376): gltf import selftest pass: GLBIR1_09_generated_normals_are_deterministic
I/ForgeShape(24376): gltf import selftest pass: GLBIR1_09_a_flat_sheet_generates_one_flat_normal
I/ForgeShape(24376): gltf import selftest pass: GLBIR1_10_a_supplied_normal_rides_the_inverse_transpose
I/ForgeShape(24376): gltf import selftest pass: GLBIR1_10_and_is_normalized_after_it
I/ForgeShape(24376): gltf import selftest pass: GLBIR1_11_a_wholly_degenerate_triangle_cannot_generate_a_normal
I/ForgeShape(24376): gltf import selftest pass: GLBIR1_11_a_supplied_zero_normal_is_refused_by_the_same_name
I/ForgeShape(24376): gltf import selftest pass: GLBIR1_13_double_sidedness_is_read_per_primitive
I/ForgeShape(24376): gltf import selftest pass: GLBIR1_13_and_each_batch_culls_its_own_way
I/ForgeShape(24376): gltf import selftest pass: GLBIR1_13_while_the_reported_vertex_count_stays_the_files_own
I/ForgeShape(24376): gltf import selftest pass: IMP01A_01_a_supported_mesh_node_becomes_a_durable_body
I/ForgeShape(24376): gltf import selftest pass: IMP01A_01_it_is_an_imported_body_with_no_construction_source
I/ForgeShape(24376): gltf import selftest pass: IMP01A_04_it_carries_an_ordinary_object_id_from_the_scenes_allocator
I/ForgeShape(24376): gltf import selftest pass: IMP01A_01_and_it_is_drawable
I/ForgeShape(24376): gltf import selftest pass: IMP01A_05_the_node_translation_became_the_bodys_placement
I/ForgeShape(24376): gltf import selftest pass: IMP01A_06_the_imported_body_starts_unrotated_and_unscaled
I/ForgeShape(24376): gltf import selftest pass: IMP01A_05_the_node_linear_part_is_baked_into_the_local_geometry
I/ForgeShape(24376): gltf import selftest pass: IMP01A_05_and_nothing_is_recentred
I/ForgeShape(24376): gltf import selftest pass: IMP01A_03_several_primitives_stay_one_object_with_exact_batches
I/ForgeShape(24376): gltf import selftest pass: IMP01A_09_an_import_records_exactly_one_history_step
I/ForgeShape(24376): gltf import selftest pass: IMP01A_09_an_undo_removes_every_body_the_import_created
I/ForgeShape(24376): gltf import selftest pass: IMP01A_10_a_redo_restores_the_body
I/ForgeShape(24376): gltf import selftest pass: IMP01A_10_with_identical_geometry_batches_and_name
I/ForgeShape(24376): gltf import selftest pass: IMP01A_10_and_identical_placement
I/ForgeShape(24376): gltf import selftest pass: IMP01A_02_three_mesh_nodes_become_three_objects
I/ForgeShape(24376): gltf import selftest pass: IMP01A_04_their_ids_are_distinct_and_collision_free
I/ForgeShape(24376): gltf import selftest pass: IMP01A_23_the_first_object_the_import_created_is_selected
I/ForgeShape(24376): gltf import selftest pass: IMP01A_23_they_are_appended_after_the_bodies_that_were_there
I/ForgeShape(24376): gltf import selftest pass: IMP01A_09_a_multi_object_import_is_still_one_undo_step
I/ForgeShape(24376): gltf import selftest pass: IMP01A_09_and_one_undo_removes_all_three
I/ForgeShape(24376): gltf import selftest pass: IMP01A_10_and_one_redo_brings_all_three_back
I/ForgeShape(24376): gltf import selftest pass: IMP01A_07_the_node_name_wins
I/ForgeShape(24376): gltf import selftest pass: IMP01A_07_the_mesh_name_is_the_second_choice
I/ForgeShape(24376): gltf import selftest pass: IMP01A_07_an_unnamed_file_gets_the_deterministic_fallback
I/ForgeShape(24376): gltf import selftest pass: IMP01A_07_a_name_is_trimmed_and_bounded
I/ForgeShape(24376): gltf import selftest pass: IMP01A_07_control_characters_and_broken_utf8_do_not_survive
I/ForgeShape(24376): gltf import selftest pass: IMP01A_07_sanitizing_is_idempotent
I/ForgeShape(24376): gltf import selftest pass: IMP01A_07_a_multibyte_name_is_cut_on_a_character_boundary
I/ForgeShape(24376): gltf import selftest pass: IMP01A_08_one_bad_object_refuses_the_whole_import
I/ForgeShape(24376): gltf import selftest pass: IMP01A_08_and_the_project_is_untouched
I/ForgeShape(24376): gltf import selftest pass: IMP01A_08_no_object_id_was_consumed_for_a_body_that_never_existed
I/ForgeShape(24376): gltf import selftest pass: IMP01A_08_an_empty_parsed_scene_is_refused
I/ForgeShape(24376): gltf import selftest pass: IMP01A_08_an_import_during_an_open_edit_is_refused
I/ForgeShape(24376): gltf import selftest pass: IMP01A_08_every_commit_status_has_a_name
I/ForgeShape(24376): gltf import selftest pass: IMP01A_11_a_transform_edit_on_an_imported_body_is_one_history_step
I/ForgeShape(24376): gltf import selftest pass: IMP01A_12_move_rotate_and_scale_all_reach_the_bodys_own_transform
I/ForgeShape(24376): gltf import selftest pass: IMP01A_13_and_none_of_it_republishes_or_moves_a_vertex
I/ForgeShape(24376): gltf import selftest pass: IMP01A_11_an_undo_returns_the_placement_the_file_gave_it
I/ForgeShape(24376): gltf import selftest pass: IMP01A_11_and_a_redo_returns_the_edited_one
I/ForgeShape(24376): gltf import selftest pass: IMP01A_13_the_geometry_survived_both
I/ForgeShape(24376): gltf import selftest pass: IMP01A_14_an_imported_body_has_no_construction_source_to_edit
I/ForgeShape(24376): gltf import selftest pass: IMP01A_15_there_is_nothing_to_freeze_an_imported_body_from
I/ForgeShape(24376): gltf import selftest pass: IMP01A_14_and_the_geometry_is_untouched_by_asking
I/ForgeShape(24376): gltf import selftest pass: IMP01A_25_a_body_id_is_never_a_reserved_preview_render_key
I/ForgeShape(24376): gltf import selftest pass: IMP01A_25_the_two_representations_are_named
I/ForgeShape(24376): gltf import selftest pass: GLBIR0_20_every_import_status_has_a_name
I/ForgeShape(24376): gltf import selftest pass: GLBIR0_20_every_verdict_has_a_name
I/ForgeShape(24376): gltf import selftest pass: DAR1_03_the_sanitizer_keeps_a_four_byte_sequence
I/ForgeShape(24376): gltf import selftest pass: DAR1_03_a_json_surrogate_pair_decodes_to_four_byte_utf8
I/ForgeShape(24376): gltf import selftest pass: DAR1_03_utf8_to_utf16_is_exact_for_one_two_and_three_byte_sequences
I/ForgeShape(24376): gltf import selftest pass: DAR1_03_a_four_byte_sequence_becomes_a_surrogate_pair
I/ForgeShape(24376): gltf import selftest pass: DAR1_03_malformed_input_maps_to_the_replacement_character_and_keeps_going
I/ForgeShape(24376): FORGESHAPE_GLTF_IMPORT_SELFTEST_OK (189 checks)
I/ForgeShape(24376): cad selftest pass: CADR0_01_xy_workplane_mapping
I/ForgeShape(24376): cad selftest pass: CADR0_02_xz_workplane_mapping
I/ForgeShape(24376): cad selftest pass: CADR0_03_yz_workplane_mapping
I/ForgeShape(24376): cad selftest pass: CADR0_01_xy_is_x_y_plus_z
I/ForgeShape(24376): cad selftest pass: CADR0_02_xz_is_x_minus_z_plus_y
I/ForgeShape(24376): cad selftest pass: CADR0_03_yz_is_minus_z_y_plus_x
I/ForgeShape(24376): cad selftest pass: CADR0_04_line_creates_with_a_minted_id
I/ForgeShape(24376): cad selftest pass: CADR0_04_zero_length_line_refused
I/ForgeShape(24376): cad selftest pass: CADR0_04_non_finite_line_refused
I/ForgeShape(24376): cad selftest pass: CADR0_04_out_of_range_line_refused
I/ForgeShape(24376): cad selftest pass: CADR0_05_open_polyline_creates
I/ForgeShape(24376): cad selftest pass: CADR0_05_duplicate_consecutive_vertex_refused
I/ForgeShape(24376): cad selftest pass: CADR0_05_single_vertex_polyline_refused
I/ForgeShape(24376): cad selftest pass: CADR0_05_closed_two_vertex_polyline_refused
I/ForgeShape(24376): cad selftest pass: CADR0_06_zero_height_rectangle_refused
I/ForgeShape(24376): cad selftest pass: CADR0_06_negative_rectangle_refused
I/ForgeShape(24376): cad selftest pass: CADR0_06_rectangle_creates
I/ForgeShape(24376): cad selftest pass: CADR0_07_zero_radius_circle_refused
I/ForgeShape(24376): cad selftest pass: CADR0_07_infinite_radius_circle_refused
I/ForgeShape(24376): cad selftest pass: CADR0_07_circle_creates
I/ForgeShape(24376): cad selftest pass: CADR0_04_replace_keeps_id_and_refuses_bad_geometry
I/ForgeShape(24376): cad selftest pass: CADR0_11_remove_never_reuses_an_id
I/ForgeShape(24376): cad selftest pass: CADR0_04_sketch_with_low_allocator_refused
I/ForgeShape(24376): cad selftest pass: CADR0_16_rectangle_closes_one_ccw_profile
I/ForgeShape(24376): cad selftest pass: CADR0_17_circle_closes_one_tessellated_profile
I/ForgeShape(24376): cad selftest pass: CADR0_18_closed_polyline_closes_one_profile
I/ForgeShape(24376): cad selftest pass: CADR0_15_open_polyline_is_refused_by_name
I/ForgeShape(24376): cad selftest pass: CADR0_18_polyline_closed_by_endpoint_snap_is_a_profile
I/ForgeShape(24376): cad selftest pass: CADR0_18_line_chain_closes_a_profile_anchored_by_lowest_id
I/ForgeShape(24376): cad selftest pass: CADR0_18_line_chain_order_and_direction_do_not_matter
I/ForgeShape(24376): cad selftest pass: CADR0_15_open_line_chain_refused_by_name
I/ForgeShape(24376): cad selftest pass: CADR0_15_forked_line_chain_refused_by_name
I/ForgeShape(24376): cad selftest pass: CADR0_19_self_intersecting_loop_refused_by_name
I/ForgeShape(24376): cad selftest pass: CADR0_20_zero_area_loop_refused_by_name
I/ForgeShape(24376): cad selftest pass: CADR0_21_multiple_profiles_ordered_by_anchor_id
I/ForgeShape(24376): cad selftest pass: CADR0_21_no_chosen_profile_is_refused_not_guessed
I/ForgeShape(24376): cad selftest pass: CADR0_21_nested_outer_profile_refused_inner_kept
I/ForgeShape(24376): cad selftest pass: CADR0_21_overlapping_profiles_are_both_kept
I/ForgeShape(24376): cad selftest pass: CADR0_15_no_closed_profile_refuses_regeneration
I/ForgeShape(24376): cad selftest pass: CADR0_22_concave_polygon_triangulates_deterministically
I/ForgeShape(24376): cad selftest pass: CADR0_22_clockwise_input_is_refused
I/ForgeShape(24376): cad selftest pass: CADR0_22_too_few_vertices_refused
I/ForgeShape(24376): cad selftest pass: CADR0_23_circle_tessellation_deterministic_with_exact_cardinals
I/ForgeShape(24376): cad selftest pass: CADR0_24_rectangle_extrude_is_watertight
I/ForgeShape(24376): cad selftest pass: CADR0_27_rectangle_extrude_has_canonical_winding_and_extents
I/ForgeShape(24376): cad selftest pass: CADR0_27_against_normal_extrudes_the_other_way
I/ForgeShape(24376): cad selftest pass: CADR0_25_circle_extrude_is_watertight
I/ForgeShape(24376): cad selftest pass: CADR0_26_closed_polyline_extrude_is_watertight
I/ForgeShape(24376): cad selftest pass: CADR0_26_concave_profile_extrude_is_watertight
I/ForgeShape(24376): cad selftest pass: CADR0_27_xz_and_yz_extrude_along_their_normals
I/ForgeShape(24376): cad selftest pass: CADR0_27_invalid_depth_refused_by_name
I/ForgeShape(24376): cad selftest pass: CADR0_15_open_profile_refuses_the_extrusion
I/ForgeShape(24376): cad selftest pass: CADR0_19_self_intersecting_profile_refuses_the_extrusion
I/ForgeShape(24376): cad selftest pass: CADR0_14_regeneration_is_deterministic
I/ForgeShape(24376): cad selftest pass: CADR0_12_rectangle_edit_changes_the_profile
I/ForgeShape(24376): cad selftest pass: CADR0_12_invalid_rectangle_edit_refused_atomically
I/ForgeShape(24376): cad selftest pass: CADR0_12_identical_edit_changes_nothing
I/ForgeShape(24376): cad selftest pass: CADR0_30_depth_edit_applies_and_refuses_by_name
I/ForgeShape(24376): cad selftest pass: CADR0_12_circle_edit_on_a_rectangle_body_refused
I/ForgeShape(24376): cad selftest pass: CADR0_13_circle_edit_changes_the_radius
I/ForgeShape(24376): cad selftest pass: CADR0_14_state_that_does_not_regenerate_is_refused_whole
I/ForgeShape(24376): cad selftest pass: CADR0_28_creating_a_cad_body_is_one_history_step
I/ForgeShape(24376): cad selftest pass: CADR0_28_a_refused_creation_mints_nothing
I/ForgeShape(24376): cad selftest pass: CADR0_28_and_records_nothing
I/ForgeShape(24376): cad selftest pass: CADR0_29_undo_removes_the_whole_body
I/ForgeShape(24376): cad selftest pass: CADR0_29_redo_restores_the_same_id_state_and_mesh
I/ForgeShape(24376): cad selftest pass: CADR0_30_depth_edit_is_one_step_and_regenerates
I/ForgeShape(24376): cad selftest pass: CADR0_30_undo_restores_the_previous_depth_and_republishes
I/ForgeShape(24376): cad selftest pass: CADR0_30_redo_reapplies_it
I/ForgeShape(24376): cad selftest pass: CADR0_31_rectangle_edit_is_one_step
I/ForgeShape(24376): cad selftest pass: CADR0_32_the_placement_survives_a_cad_edit
I/ForgeShape(24376): cad selftest pass: CADR0_31_undo_and_redo_restore_the_rectangle
I/ForgeShape(24376): cad selftest pass: CADR0_31_a_refused_edit_records_no_step
I/ForgeShape(24376): cad selftest pass: CADR0_33_a_cad_project_captures_and_encodes
I/ForgeShape(24376): cad selftest pass: CADR0_33_the_bytes_decode_to_the_same_document
I/ForgeShape(24376): cad selftest pass: CADR0_33_loading_rebuilds_the_rectangle_body_and_its_mesh
I/ForgeShape(24376): cad selftest pass: CADR0_34_loading_rebuilds_the_circle_body_and_the_chain_body
I/ForgeShape(24376): cad selftest pass: CADR0_33_capturing_the_loaded_project_reproduces_the_bytes
I/ForgeShape(24376): cad selftest pass: CADR0_35_the_autosave_fingerprint_follows_cad_truth
I/ForgeShape(24376): cad selftest pass: CADR0_36_a_document_with_an_open_profile_is_refused
I/ForgeShape(24376): cad selftest pass: CADR0_36_a_document_with_a_zero_depth_is_refused
I/ForgeShape(24376): cad selftest pass: CADR0_36_a_body_claimed_by_cons_and_cadb_is_refused
I/ForgeShape(24376): cad selftest pass: CADR0_36_a_sculpt_entry_over_a_cad_body_is_refused
I/ForgeShape(24376): cad selftest pass: CADR0_36_a_bad_workplane_code_is_refused_at_decode
I/ForgeShape(24376): cad selftest pass: CADR0_36_a_truncated_cad_section_is_refused
I/ForgeShape(24376): cad selftest pass: CADR0_36_the_header_announces_the_cad_branch
I/ForgeShape(24376): cad selftest pass: CADR0_36_a_project_without_cad_carries_no_cad_section
I/ForgeShape(24376): cad selftest pass: CADR0_37_export_carries_the_regenerated_cad_mesh
I/ForgeShape(24376): cad selftest pass: CADR0_37_export_reflects_an_edited_depth_without_a_republish
I/ForgeShape(24376): cad selftest pass: CADR0_37_the_glb_encodes
I/ForgeShape(24376): cad selftest pass: CADR0_39_a_cad_body_offers_no_sculpt_source_this_stage
I/ForgeShape(24376): cad selftest pass: CADR0_14_an_inactive_session_refuses_every_act
I/ForgeShape(24376): cad selftest pass: CADR0_08_begin_opens_an_editing_session
I/ForgeShape(24376): cad selftest pass: CADR0_08_screen_and_sketch_coordinates_round_trip
I/ForgeShape(24376): cad selftest pass: CADR0_09_a_dragged_rectangle_snaps_to_the_grid_exactly
I/ForgeShape(24376): cad selftest pass: CADR0_09_an_off_grid_drag_lands_on_the_grid
I/ForgeShape(24376): cad selftest pass: CADR0_12_a_typed_rectangle_is_exact
I/ForgeShape(24376): cad selftest pass: CADR0_07_a_dragged_circle_places_its_centre_and_radius
I/ForgeShape(24376): cad selftest pass: CADR0_08_a_line_end_snaps_to_an_existing_corner_exactly
I/ForgeShape(24376): cad selftest pass: CADR0_04_a_tap_with_the_line_tool_places_nothing
I/ForgeShape(24376): cad selftest pass: CADR0_10_tapping_an_edge_selects_that_entity
I/ForgeShape(24376): cad selftest pass: CADR0_10_tapping_empty_space_clears_the_selection
I/ForgeShape(24376): cad selftest pass: CADR0_10_tapping_a_circle_ring_selects_it
I/ForgeShape(24376): cad selftest pass: CADR0_11_delete_removes_the_selected_entity_only
I/ForgeShape(24376): cad selftest pass: CADR0_05_a_tapped_polyline_closes_on_its_first_vertex
I/ForgeShape(24376): cad selftest pass: CADR0_05_changing_tool_ends_a_polyline_open
I/ForgeShape(24376): cad selftest pass: CADR0_14_a_second_finger_cancels_the_drag_and_navigates
I/ForgeShape(24376): cad selftest pass: CADR0_14_the_overlay_is_ranged_and_cached_until_a_change
I/ForgeShape(24376): cad selftest pass: CADR0_21_finish_extracts_profiles_and_leaves_the_choice_open
I/ForgeShape(24376): cad selftest pass: CADR0_21_commit_with_no_chosen_profile_is_ambiguous
I/ForgeShape(24376): cad selftest pass: CADR0_21_a_profile_is_chosen_by_anchor_and_a_bad_one_refused
I/ForgeShape(24376): cad selftest pass: CADR0_30_extrude_depth_is_typed_exactly_and_validated
I/ForgeShape(24376): cad selftest pass: CADR0_14_the_extrude_preview_is_drawn_while_ready
I/ForgeShape(24376): cad selftest pass: CADR0_14_back_to_editing_keeps_the_sketch
I/ForgeShape(24376): cad selftest pass: CADR0_28_commit_creates_one_cad_body_as_one_step
I/ForgeShape(24376): cad selftest pass: CADR0_29_undo_removes_the_committed_body
I/ForgeShape(24376): cad selftest pass: CADR0_14_a_cancelled_sketch_leaves_the_project_unchanged
I/ForgeShape(24376): cad selftest pass: CADR0_15_finishing_an_open_sketch_is_refused_by_name
I/ForgeShape(24376): cad selftest pass: CADR0_15_finishing_an_empty_sketch_is_refused_by_name
I/ForgeShape(24376): cad selftest pass: CADR0_01_the_sketch_view_reads_u_right_and_v_up_on_every_plane
I/ForgeShape(24376): cad selftest pass: CADR0_14_the_camera_pose_is_restored_after_a_sketch
I/ForgeShape(24376): cad selftest pass: CADR0_22_all_four_performance_cases_regenerate_watertight
I/ForgeShape(24376): FORGESHAPE_CAD_PERFORMANCE rectangle extractUs=25.5 triangulateUs=14.9 regenerateUs=26.3 v=8 i=36; circle32 extractUs=45.2 triangulateUs=29.0 regenerateUs=75.8 v=64 i=372; polyline32 extractUs=78.9 triangulateUs=30.2 regenerateUs=118.2 v=64 i=372; polyline128 extractUs=2698.4 triangulateUs=763.5 regenerateUs=404.7 v=256 i=1524; 
I/ForgeShape(24376): FORGESHAPE_CAD_SELFTEST_OK (122 checks)
I/ForgeShape(24376): FORGESHAPE_CAD_A3_PERFORMANCE chain1 resolveUs=51.9 depth=1; chain8 resolveUs=177.9 depth=8; chain32 resolveUs=688.3 depth=32; 
I/ForgeShape(24376): FORGESHAPE_CAD_A3_SELFTEST_OK (57 checks)
I/ForgeShape(24376): FORGESHAPE_SKETCH_UX_PERFORMANCE arc_tess=2033us/200 spline_tess=422us/200 curve_profile=937us/50 curve_regen=2596us/50
I/ForgeShape(24376): FORGESHAPE_SKETCH_UX_SELFTEST_OK (52 checks)
